INFO         | Android emulator version 36.5.11.0 (build_id 15261927) (CL:N/A)
INFO         | Graphics backend: gfxstream
DEBUG   | Current emulator version 36.5.11 is the same as the required version 36.5.11.
INFO         | Found AVD name 'NanoKVMPro'
INFO         | Found AVD target architecture: x86_64
INFO         | argv[0]: 'C:\Users\Function\AppData\Local\Android\Sdk\emulator\emulator.exe'; program directory: 'C:\Users\Function\AppData\Local\Android\Sdk\emulator'
INFO         | Found systemPath C:\Users\Function\AppData\Local\Android\Sdk\system-images\android-35\google_apis\x86_64\
DEBUG   | autoconfig: -skin 1080x2400
DEBUG   | autoconfig: -skindir (null)
DEBUG   | init, loading C:\Users\Function\AppData\Local\Android\Sdk\emulator\lib\advancedFeatures.ini
DEBUG   | autoconfig: -kernel C:\Users\Function\AppData\Local\Android\Sdk\system-images\android-35\google_apis\x86_64\\kernel-ranchu
DEBUG   | Target arch = 'x86_64'
DEBUG   | Auto-detect: Kernel image requires new device naming scheme.
DEBUG   | Auto-detect: Kernel does not support YAFFS2 partitions.
DEBUG   | autoconfig: -ramdisk C:\Users\Function\AppData\Local\Android\Sdk\system-images\android-35\google_apis\x86_64\\ramdisk.img
DEBUG   | Using initial system image: C:\Users\Function\AppData\Local\Android\Sdk\system-images\android-35\google_apis\x86_64\\system.img
DEBUG   | Using initial vendor image: C:\Users\Function\AppData\Local\Android\Sdk\system-images\android-35\google_apis\x86_64\\vendor.img
DEBUG   | autoconfig: -data C:\Users\Function\.android\avd\..\avd\NanoKVMPro.avd\userdata-qemu.img
DEBUG   | autoconfig: -initdata (null)
DEBUG   | autoconfig: -cache C:\Users\Function\.android\avd\..\avd\NanoKVMPro.avd\cache.img
INFO         | Increasing RAM size to 2048MB
DEBUG   | VM heap size 0MB is below hardware specified minimum of 512MB,setting it to that value
DEBUG   | System image is read only
INFO         | IPv4 server found: 192.168.5.1
INFO         | Ignore IPv6 address: a019:18e7:1102:0:5003:18e7:1102:0
INFO         | Ignore IPv6 address: a019:18e7:1102:0:5003:18e7:1102:0
INFO         | Ignore IPv6 address: a019:18e7:1102:0:5003:18e7:1102:0
INFO         | Ignore IPv6 address: c81f:18e7:1102:0:5003:18e7:1102:0
INFO         | Ignore IPv6 address: c81f:18e7:1102:0:5003:18e7:1102:0
INFO         | Ignore IPv6 address: c81f:18e7:1102:0:5003:18e7:1102:0
INFO         | Ignore IPv6 address: d82d:18e7:1102:0:5003:18e7:1102:0
INFO         | Ignore IPv6 address: d82d:18e7:1102:0:5003:18e7:1102:0
INFO         | Ignore IPv6 address: d82d:18e7:1102:0:5003:18e7:1102:0
INFO         | Ignore IPv6 address: 34:18e7:1102:0:5003:18e7:1102:0
INFO         | Ignore IPv6 address: 34:18e7:1102:0:5003:18e7:1102:0
INFO         | Ignore IPv6 address: 34:18e7:1102:0:5003:18e7:1102:0
INFO         | Ignore IPv6 address: d83b:18e7:1102:0:5003:18e7:1102:0
INFO         | Ignore IPv6 address: d83b:18e7:1102:0:5003:18e7:1102:0
INFO         | Ignore IPv6 address: d83b:18e7:1102:0:5003:18e7:1102:0
DEBUG   | Found 1 DNS servers:
DEBUG   | 	192.168.5.1
INFO         | Guest GLES Driver: Auto (ext controls)
DEBUG   | emuglConfig_init: gpu_mode_requested: host, no_window: 0

INFO         | emuglConfig_init: vulkan_mode_selected:host gles_mode_selected:host
DEBUG   | setCurrentRenderer: host host gles:Host vulkan:Host
DEBUG   | emuglConfig_get_vulkan_runtime_full_path: Checking for vulkan-1.dll versions
DEBUG   | querying file version info API...
DEBUG   | found kernelbase.dll
DEBUG   | GetFileVersionInfoSizeW found. On Windows 10?
DEBUG   | GetFileVersionInfoW found. On Windows 10?
DEBUG   | VerQueryValueW found. Can query file versions
DEBUG   | querying file version info API...
DEBUG   | vulkan-1.dll version: 1.4.341.0
DEBUG   | C:\Users\Function\AppData\Local\Android\Sdk\emulator\lib64\vulkan\vulkan-1.dll version: 1.4.344.0
DEBUG   | emuglConfig_get_vulkan_runtime_full_path: Using vulkan runtime path: vulkan-1.dll
DEBUG   | emuglConfig_get_vulkan_hardware_gpu_support_info: Successfully created vulkan instance

ERROR        | Failed to load Vulkan functions!
DEBUG   | emuglConfig_init: GPU emulation enabled using Vulkan:'host' GLES:'host' modes

DEBUG   | GPU emulation enabled using Vulkan:'host' GLES:'host' modes
INFO         | Checking system compatibility:
INFO         |   Checking: hasCompatibleHypervisor
DEBUG   | Checking whether Windows Hypervisor Platform (WHPX) is available.
DEBUG   | WinHvPlatform.dll found. Looking for WHvGetCapability...
DEBUG   | WHvGetCapability found. Querying WHPX capabilities...
DEBUG   | WHPX (10.0.26200) is installed and usable.
INFO         |      Ok: Hypervisor compatibility to run avd: `NanoKVMPro` are met
INFO         |   Checking: hasSufficientSystem
INFO         |      Ok: System requirements to run avd: `NanoKVMPro` are met
INFO         |   Checking: hasSufficientHwGpu
INFO         |      Ok: Hardware GPU requirements to run avd: `NanoKVMPro` are passed
INFO         |   Checking: hasSufficientDiskSpace
INFO         |      Ok: Disk space requirements to run avd: `NanoKVMPro` are met
DEBUG   | Starting hostapd main loop.
DEBUG   | found magic skin width=1080 height=2400 bpp=16

DEBUG   | CPU Acceleration: working
DEBUG   | CPU Acceleration status: WHPX(10.0.26200) is installed and usable.
DEBUG   | handleCpuAcceleration: feature check for hvf
DEBUG   | Bluetooth requested by guest
DEBUG   | started modem simulator host server at port: 52893
INFO         | Critical: Failed to load opengl32sw (找不到指定的模块。) (:0, )
INFO         | Warning: Software OpenGL failed. Falling back to system OpenGL. (:0, )
DEBUG   | emulator_window_framebuffer_create: 1080x2400

INFO         | Storing crashdata in: C:\Users\Function\AppData\Local\Temp\\AndroidEmulator\emu-crash-36.5.11.db, detection is enabled for process: 74836
INFO         | Initializing gfxstream backend
INFO         | android_startOpenglesRenderer: gpu info
INFO         | GPU #1
  Make: 10de
  Model: NVIDIA GeForce RTX 4060
  Device ID: 2882

DEBUG   | gfxstreamFeature:GlPipeChecksum = 1
DEBUG   | gfxstreamFeature:Vulkan = 1
DEBUG   | gfxstreamFeature:HasSharedSlotsHostMemoryAllocator = 1
DEBUG   | gfxstreamFeature:VulkanSnapshots = 0
DEBUG   | gfxstreamFeature:NoDelayCloseColorBuffer = 0
DEBUG   | gfxstreamFeature:VirtioGpuNativeSync = 0
DEBUG   | gfxstreamFeature:VulkanShaderFloat16Int8 = 1
DEBUG   | gfxstreamFeature:NativeTextureDecompression = 0
DEBUG   | gfxstreamFeature:VulkanNativeSwapchain = 0
DEBUG   | gfxstreamFeature:VirtioGpuFenceContexts = 0
DEBUG   | gfxstreamFeature:AsyncComposeSupport = 0
DEBUG   | gfxstreamFeature:ExternalBlob = 0
DEBUG   | gfxstreamFeature:SystemBlob = 0
DEBUG   | gfxstreamFeature:GrallocSync = 0
DEBUG   | gfxstreamFeature:GlAsyncSwap = 1
DEBUG   | gfxstreamFeature:GlDma = 1
DEBUG   | gfxstreamFeature:GlDma2 = 0
DEBUG   | gfxstreamFeature:GlDirectMem = 1
DEBUG   | gfxstreamFeature:GlesDynamicVersion = 1
DEBUG   | gfxstreamFeature:RefCountPipe = 1
DEBUG   | gfxstreamFeature:HostComposition = 1
DEBUG   | gfxstreamFeature:VulkanNullOptionalStrings = 1
DEBUG   | gfxstreamFeature:Yuv420888ToNv21 = 0
DEBUG   | gfxstreamFeature:YuvCache = 1
DEBUG   | gfxstreamFeature:VulkanIgnoredHandles = 1
DEBUG   | gfxstreamFeature:VirtioGpuNext = 0
DEBUG   | gfxstreamFeature:VulkanQueueSubmitWithCommands = 1
DEBUG   | gfxstreamFeature:VulkanBatchedDescriptorSetUpdate = 0
DEBUG   | gfxstreamFeature:Minigbm = 0
DEBUG   | gfxstreamFeature:HwcMultiConfigs = 1
DEBUG   | gfxstreamFeature:VulkanAllocateDeviceMemoryOnly = 0
DEBUG   | gfxstreamFeature:VulkanAllocateHostMemory = 0
DEBUG   | gfxstreamFeature:GuestVulkanOnly = 0
DEBUG   | gfxstreamFeature:BypassVulkanDeviceFeatureOverrides = 0
DEBUG   | gfxstreamFeature:VulkanDebugUtils = 0
DEBUG   | gfxstreamFeature:VulkanCommandBufferCheckpoints = 0
DEBUG   | gfxstreamFeature:VulkanVirtualQueue = 1
DEBUG   | gfxstreamFeature:VulkanRobustness = 0
DEBUG   | RenderWindow: CMD_INITIALIZE w=1080 h=2400
DEBUG   | FrameBuffer::initialize()
DEBUG   | Creating Framebuffer: 1080x2400, useSubWindow=1
DEBUG   | create display 0
DEBUG   | setDisplayPose 0 x 0 y 0 w 1080 h 2400 dpi 0
VERBOSE | Enabling error messages from vulkan loader
INFO         | SharedLibrary::open for [C:\Users\Function\AppData\Local\Android\Sdk\emulator\qemu\windows-x86_64\lib64\vulkan\vulkan-1.dll]
VERBOSE | SharedLibrary::open for [C:\Users\Function\AppData\Local\Android\Sdk\emulator\qemu\windows-x86_64\lib64\vulkan\vulkan-1.dll]: not found in map, open for the first time
VERBOSE | SharedLibrary::open for [C:\Users\Function\AppData\Local\Android\Sdk\emulator\qemu\windows-x86_64\lib64\vulkan\vulkan-1.dll] (win32): call LoadLibrary
VERBOSE | Failed to load [C:\Users\Function\AppData\Local\Android\Sdk\emulator\qemu\windows-x86_64\lib64\vulkan\vulkan-1.dll]. Error string: []
[Vulkan Loader] ERROR:          loader_get_json: Failed to open JSON file C:\Program Files (x86)\Epic Games\Epic Online Services\managedArtifacts\98bc04bc842e4906993fd6d6644ffb8d\EOSOverlayVkLayer-Win64.json
[Vulkan Loader] ERROR:          loader_get_json: Failed to open JSON file C:\Program Files (x86)\Epic Games\Epic Online Services\managedArtifacts\98bc04bc842e4906993fd6d6644ffb8d\EOSOverlayVkLayer-Win64.json
[Vulkan Loader] ERROR:          loader_get_json: Failed to open JSON file C:\Program Files (x86)\Epic Games\Epic Online Services\managedArtifacts\98bc04bc842e4906993fd6d6644ffb8d\EOSOverlayVkLayer-Win64.json
[Vulkan Loader] ERROR:          loader_get_json: Failed to open JSON file C:\Program Files (x86)\Epic Games\Epic Online Services\managedArtifacts\98bc04bc842e4906993fd6d6644ffb8d\EOSOverlayVkLayer-Win64.json
[Vulkan Loader] ERROR:          loader_get_json: Failed to open JSON file C:\Program Files (x86)\Epic Games\Epic Online Services\managedArtifacts\98bc04bc842e4906993fd6d6644ffb8d\EOSOverlayVkLayer-Win64.json
[Vulkan Loader] ERROR:          loader_get_json: Failed to open JSON file C:\Program Files (x86)\Epic Games\Epic Online Services\managedArtifacts\98bc04bc842e4906993fd6d6644ffb8d\EOSOverlayVkLayer-Win64.json
[Vulkan Loader] WARNING | LAYER: windows_read_data_files_in_registry: Registry lookup failed to get layer manifest files.
VK_VERSION_1_0 check failed: vkCreateInstance not found
VK_VERSION_1_0 check failed: vkEnumerateInstanceExtensionProperties not found
VK_VERSION_1_0 check failed: vkEnumerateInstanceLayerProperties not found
DEBUG   | Library cannot be added: C:\Users\Function\AppData\Local\Android\Sdk\emulator\qemu\windows-x86_64\lib64\vulkan\vulkan-1.dll
INFO         | SharedLibrary::open for [C:\Users\Function\AppData\Local\Android\Sdk\emulator\lib64\vulkan\vulkan-1.dll]
VERBOSE | SharedLibrary::open for [C:\Users\Function\AppData\Local\Android\Sdk\emulator\lib64\vulkan\vulkan-1.dll]: not found in map, open for the first time
VERBOSE | SharedLibrary::open for [C:\Users\Function\AppData\Local\Android\Sdk\emulator\lib64\vulkan\vulkan-1.dll] (win32): call LoadLibrary
VERBOSE | SharedLibrary::open succeeded for [C:\Users\Function\AppData\Local\Android\Sdk\emulator\lib64\vulkan\vulkan-1.dll]. File name: [C:\Users\Function\AppData\Local\Android\Sdk\emulator\lib64\vulkan\vulkan-1.dll]
INFO         | Added library: C:\Users\Function\AppData\Local\Android\Sdk\emulator\lib64\vulkan\vulkan-1.dll
DEBUG   | Global loader has instance version = 1.4.344
DEBUG   | global loader has vkEnumerateInstanceVersion returning >= 1.1.
DEBUG   | Creating an instance, asking for version 1.1.0 ...
ERROR        | Warning: Vulkan 1.0 APIs missing from instance
DEBUG   | Found 1 Vulkan physical device(s).
DEBUG   | Considering Vulkan physical device 0 : NVIDIA GeForce RTX 4060
DEBUG   | Graphics queue family index: 0
DEBUG   | Compute queue family index: 0
DEBUG   | Compute queue family index: 2
DEBUG   | Supported: VK_FORMAT_R8G8B8A8_UNORM VK_IMAGE_TYPE_2D VK_IMAGE_TILING_LINEAR VK_IMAGE_USAGE_COLOR_ATTACHMENT_BIT, supportsExternalMemory? 1, requiresDedicated? 0
DEBUG   | Not Supported: VK_FORMAT_R8G8B8A8_UNORM VK_IMAGE_TYPE_2D VK_IMAGE_TILING_LINEAR VK_IMAGE_USAGE_INPUT_ATTACHMENT_BIT
DEBUG   | Supported: VK_FORMAT_R8G8B8A8_UNORM VK_IMAGE_TYPE_2D VK_IMAGE_TILING_LINEAR VK_IMAGE_USAGE_SAMPLED_BIT, supportsExternalMemory? 1, requiresDedicated? 0
DEBUG   | Supported: VK_FORMAT_R8G8B8A8_UNORM VK_IMAGE_TYPE_2D VK_IMAGE_TILING_LINEAR VK_IMAGE_USAGE_TRANSFER_SRC_BIT, supportsExternalMemory? 1, requiresDedicated? 0
DEBUG   | Supported: VK_FORMAT_R8G8B8A8_UNORM VK_IMAGE_TYPE_2D VK_IMAGE_TILING_LINEAR VK_IMAGE_USAGE_TRANSFER_DST_BIT, supportsExternalMemory? 1, requiresDedicated? 0
DEBUG   | Supported: VK_FORMAT_R8G8B8A8_UNORM VK_IMAGE_TYPE_2D VK_IMAGE_TILING_OPTIMAL VK_IMAGE_USAGE_COLOR_ATTACHMENT_BIT, supportsExternalMemory? 1, requiresDedicated? 0
DEBUG   | Supported: VK_FORMAT_R8G8B8A8_UNORM VK_IMAGE_TYPE_2D VK_IMAGE_TILING_OPTIMAL VK_IMAGE_USAGE_INPUT_ATTACHMENT_BIT, supportsExternalMemory? 1, requiresDedicated? 0
DEBUG   | Supported: VK_FORMAT_R8G8B8A8_UNORM VK_IMAGE_TYPE_2D VK_IMAGE_TILING_OPTIMAL VK_IMAGE_USAGE_SAMPLED_BIT, supportsExternalMemory? 1, requiresDedicated? 0
DEBUG   | Supported: VK_FORMAT_R8G8B8A8_UNORM VK_IMAGE_TYPE_2D VK_IMAGE_TILING_OPTIMAL VK_IMAGE_USAGE_TRANSFER_SRC_BIT, supportsExternalMemory? 1, requiresDedicated? 0
DEBUG   | Supported: VK_FORMAT_R8G8B8A8_UNORM VK_IMAGE_TYPE_2D VK_IMAGE_TILING_OPTIMAL VK_IMAGE_USAGE_TRANSFER_DST_BIT, supportsExternalMemory? 1, requiresDedicated? 0
DEBUG   | Not Supported: VK_FORMAT_R8G8B8_UNORM VK_IMAGE_TYPE_2D VK_IMAGE_TILING_LINEAR VK_IMAGE_USAGE_COLOR_ATTACHMENT_BIT
DEBUG   | Not Supported: VK_FORMAT_R8G8B8_UNORM VK_IMAGE_TYPE_2D VK_IMAGE_TILING_LINEAR VK_IMAGE_USAGE_INPUT_ATTACHMENT_BIT
DEBUG   | Not Supported: VK_FORMAT_R8G8B8_UNORM VK_IMAGE_TYPE_2D VK_IMAGE_TILING_LINEAR VK_IMAGE_USAGE_SAMPLED_BIT
DEBUG   | Not Supported: VK_FORMAT_R8G8B8_UNORM VK_IMAGE_TYPE_2D VK_IMAGE_TILING_LINEAR VK_IMAGE_USAGE_TRANSFER_SRC_BIT
DEBUG   | Not Supported: VK_FORMAT_R8G8B8_UNORM VK_IMAGE_TYPE_2D VK_IMAGE_TILING_LINEAR VK_IMAGE_USAGE_TRANSFER_DST_BIT
DEBUG   | Not Supported: VK_FORMAT_R8G8B8_UNORM VK_IMAGE_TYPE_2D VK_IMAGE_TILING_OPTIMAL VK_IMAGE_USAGE_COLOR_ATTACHMENT_BIT
DEBUG   | Not Supported: VK_FORMAT_R8G8B8_UNORM VK_IMAGE_TYPE_2D VK_IMAGE_TILING_OPTIMAL VK_IMAGE_USAGE_INPUT_ATTACHMENT_BIT
DEBUG   | Not Supported: VK_FORMAT_R8G8B8_UNORM VK_IMAGE_TYPE_2D VK_IMAGE_TILING_OPTIMAL VK_IMAGE_USAGE_SAMPLED_BIT
DEBUG   | Not Supported: VK_FORMAT_R8G8B8_UNORM VK_IMAGE_TYPE_2D VK_IMAGE_TILING_OPTIMAL VK_IMAGE_USAGE_TRANSFER_SRC_BIT
DEBUG   | Not Supported: VK_FORMAT_R8G8B8_UNORM VK_IMAGE_TYPE_2D VK_IMAGE_TILING_OPTIMAL VK_IMAGE_USAGE_TRANSFER_DST_BIT
DEBUG   | Supported: VK_FORMAT_R5G6B5_UNORM_PACK16 VK_IMAGE_TYPE_2D VK_IMAGE_TILING_LINEAR VK_IMAGE_USAGE_COLOR_ATTACHMENT_BIT, supportsExternalMemory? 1, requiresDedicated? 0
DEBUG   | Not Supported: VK_FORMAT_R5G6B5_UNORM_PACK16 VK_IMAGE_TYPE_2D VK_IMAGE_TILING_LINEAR VK_IMAGE_USAGE_INPUT_ATTACHMENT_BIT
DEBUG   | Supported: VK_FORMAT_R5G6B5_UNORM_PACK16 VK_IMAGE_TYPE_2D VK_IMAGE_TILING_LINEAR VK_IMAGE_USAGE_SAMPLED_BIT, supportsExternalMemory? 1, requiresDedicated? 0
DEBUG   | Supported: VK_FORMAT_R5G6B5_UNORM_PACK16 VK_IMAGE_TYPE_2D VK_IMAGE_TILING_LINEAR VK_IMAGE_USAGE_TRANSFER_SRC_BIT, supportsExternalMemory? 1, requiresDedicated? 0
DEBUG   | Supported: VK_FORMAT_R5G6B5_UNORM_PACK16 VK_IMAGE_TYPE_2D VK_IMAGE_TILING_LINEAR VK_IMAGE_USAGE_TRANSFER_DST_BIT, supportsExternalMemory? 1, requiresDedicated? 0
DEBUG   | Supported: VK_FORMAT_R5G6B5_UNORM_PACK16 VK_IMAGE_TYPE_2D VK_IMAGE_TILING_OPTIMAL VK_IMAGE_USAGE_COLOR_ATTACHMENT_BIT, supportsExternalMemory? 1, requiresDedicated? 0
DEBUG   | Supported: VK_FORMAT_R5G6B5_UNORM_PACK16 VK_IMAGE_TYPE_2D VK_IMAGE_TILING_OPTIMAL VK_IMAGE_USAGE_INPUT_ATTACHMENT_BIT, supportsExternalMemory? 1, requiresDedicated? 0
DEBUG   | Supported: VK_FORMAT_R5G6B5_UNORM_PACK16 VK_IMAGE_TYPE_2D VK_IMAGE_TILING_OPTIMAL VK_IMAGE_USAGE_SAMPLED_BIT, supportsExternalMemory? 1, requiresDedicated? 0
DEBUG   | Supported: VK_FORMAT_R5G6B5_UNORM_PACK16 VK_IMAGE_TYPE_2D VK_IMAGE_TILING_OPTIMAL VK_IMAGE_USAGE_TRANSFER_SRC_BIT, supportsExternalMemory? 1, requiresDedicated? 0
DEBUG   | Supported: VK_FORMAT_R5G6B5_UNORM_PACK16 VK_IMAGE_TYPE_2D VK_IMAGE_TILING_OPTIMAL VK_IMAGE_USAGE_TRANSFER_DST_BIT, supportsExternalMemory? 1, requiresDedicated? 0
DEBUG   | Supported: VK_FORMAT_A1R5G5B5_UNORM_PACK16 VK_IMAGE_TYPE_2D VK_IMAGE_TILING_LINEAR VK_IMAGE_USAGE_COLOR_ATTACHMENT_BIT, supportsExternalMemory? 1, requiresDedicated? 0
DEBUG   | Not Supported: VK_FORMAT_A1R5G5B5_UNORM_PACK16 VK_IMAGE_TYPE_2D VK_IMAGE_TILING_LINEAR VK_IMAGE_USAGE_INPUT_ATTACHMENT_BIT
DEBUG   | Supported: VK_FORMAT_A1R5G5B5_UNORM_PACK16 VK_IMAGE_TYPE_2D VK_IMAGE_TILING_LINEAR VK_IMAGE_USAGE_SAMPLED_BIT, supportsExternalMemory? 1, requiresDedicated? 0
DEBUG   | Supported: VK_FORMAT_A1R5G5B5_UNORM_PACK16 VK_IMAGE_TYPE_2D VK_IMAGE_TILING_LINEAR VK_IMAGE_USAGE_TRANSFER_SRC_BIT, supportsExternalMemory? 1, requiresDedicated? 0
DEBUG   | Supported: VK_FORMAT_A1R5G5B5_UNORM_PACK16 VK_IMAGE_TYPE_2D VK_IMAGE_TILING_LINEAR VK_IMAGE_USAGE_TRANSFER_DST_BIT, supportsExternalMemory? 1, requiresDedicated? 0
DEBUG   | Supported: VK_FORMAT_A1R5G5B5_UNORM_PACK16 VK_IMAGE_TYPE_2D VK_IMAGE_TILING_OPTIMAL VK_IMAGE_USAGE_COLOR_ATTACHMENT_BIT, supportsExternalMemory? 1, requiresDedicated? 0
DEBUG   | Supported: VK_FORMAT_A1R5G5B5_UNORM_PACK16 VK_IMAGE_TYPE_2D VK_IMAGE_TILING_OPTIMAL VK_IMAGE_USAGE_INPUT_ATTACHMENT_BIT, supportsExternalMemory? 1, requiresDedicated? 0
DEBUG   | Supported: VK_FORMAT_A1R5G5B5_UNORM_PACK16 VK_IMAGE_TYPE_2D VK_IMAGE_TILING_OPTIMAL VK_IMAGE_USAGE_SAMPLED_BIT, supportsExternalMemory? 1, requiresDedicated? 0
DEBUG   | Supported: VK_FORMAT_A1R5G5B5_UNORM_PACK16 VK_IMAGE_TYPE_2D VK_IMAGE_TILING_OPTIMAL VK_IMAGE_USAGE_TRANSFER_SRC_BIT, supportsExternalMemory? 1, requiresDedicated? 0
DEBUG   | Supported: VK_FORMAT_A1R5G5B5_UNORM_PACK16 VK_IMAGE_TYPE_2D VK_IMAGE_TILING_OPTIMAL VK_IMAGE_USAGE_TRANSFER_DST_BIT, supportsExternalMemory? 1, requiresDedicated? 0
DEBUG   | Supported: VK_FORMAT_R16G16B16A16_SFLOAT VK_IMAGE_TYPE_2D VK_IMAGE_TILING_LINEAR VK_IMAGE_USAGE_COLOR_ATTACHMENT_BIT, supportsExternalMemory? 1, requiresDedicated? 0
DEBUG   | Not Supported: VK_FORMAT_R16G16B16A16_SFLOAT VK_IMAGE_TYPE_2D VK_IMAGE_TILING_LINEAR VK_IMAGE_USAGE_INPUT_ATTACHMENT_BIT
DEBUG   | Supported: VK_FORMAT_R16G16B16A16_SFLOAT VK_IMAGE_TYPE_2D VK_IMAGE_TILING_LINEAR VK_IMAGE_USAGE_SAMPLED_BIT, supportsExternalMemory? 1, requiresDedicated? 0
DEBUG   | Supported: VK_FORMAT_R16G16B16A16_SFLOAT VK_IMAGE_TYPE_2D VK_IMAGE_TILING_LINEAR VK_IMAGE_USAGE_TRANSFER_SRC_BIT, supportsExternalMemory? 1, requiresDedicated? 0
DEBUG   | Supported: VK_FORMAT_R16G16B16A16_SFLOAT VK_IMAGE_TYPE_2D VK_IMAGE_TILING_LINEAR VK_IMAGE_USAGE_TRANSFER_DST_BIT, supportsExternalMemory? 1, requiresDedicated? 0
DEBUG   | Supported: VK_FORMAT_R16G16B16A16_SFLOAT VK_IMAGE_TYPE_2D VK_IMAGE_TILING_OPTIMAL VK_IMAGE_USAGE_COLOR_ATTACHMENT_BIT, supportsExternalMemory? 1, requiresDedicated? 0
DEBUG   | Supported: VK_FORMAT_R16G16B16A16_SFLOAT VK_IMAGE_TYPE_2D VK_IMAGE_TILING_OPTIMAL VK_IMAGE_USAGE_INPUT_ATTACHMENT_BIT, supportsExternalMemory? 1, requiresDedicated? 0
DEBUG   | Supported: VK_FORMAT_R16G16B16A16_SFLOAT VK_IMAGE_TYPE_2D VK_IMAGE_TILING_OPTIMAL VK_IMAGE_USAGE_SAMPLED_BIT, supportsExternalMemory? 1, requiresDedicated? 0
DEBUG   | Supported: VK_FORMAT_R16G16B16A16_SFLOAT VK_IMAGE_TYPE_2D VK_IMAGE_TILING_OPTIMAL VK_IMAGE_USAGE_TRANSFER_SRC_BIT, supportsExternalMemory? 1, requiresDedicated? 0
DEBUG   | Supported: VK_FORMAT_R16G16B16A16_SFLOAT VK_IMAGE_TYPE_2D VK_IMAGE_TILING_OPTIMAL VK_IMAGE_USAGE_TRANSFER_DST_BIT, supportsExternalMemory? 1, requiresDedicated? 0
DEBUG   | Not Supported: VK_FORMAT_R16G16B16_SFLOAT VK_IMAGE_TYPE_2D VK_IMAGE_TILING_LINEAR VK_IMAGE_USAGE_COLOR_ATTACHMENT_BIT
DEBUG   | Not Supported: VK_FORMAT_R16G16B16_SFLOAT VK_IMAGE_TYPE_2D VK_IMAGE_TILING_LINEAR VK_IMAGE_USAGE_INPUT_ATTACHMENT_BIT
DEBUG   | Not Supported: VK_FORMAT_R16G16B16_SFLOAT VK_IMAGE_TYPE_2D VK_IMAGE_TILING_LINEAR VK_IMAGE_USAGE_SAMPLED_BIT
DEBUG   | Not Supported: VK_FORMAT_R16G16B16_SFLOAT VK_IMAGE_TYPE_2D VK_IMAGE_TILING_LINEAR VK_IMAGE_USAGE_TRANSFER_SRC_BIT
DEBUG   | Not Supported: VK_FORMAT_R16G16B16_SFLOAT VK_IMAGE_TYPE_2D VK_IMAGE_TILING_LINEAR VK_IMAGE_USAGE_TRANSFER_DST_BIT
DEBUG   | Not Supported: VK_FORMAT_R16G16B16_SFLOAT VK_IMAGE_TYPE_2D VK_IMAGE_TILING_OPTIMAL VK_IMAGE_USAGE_COLOR_ATTACHMENT_BIT
DEBUG   | Not Supported: VK_FORMAT_R16G16B16_SFLOAT VK_IMAGE_TYPE_2D VK_IMAGE_TILING_OPTIMAL VK_IMAGE_USAGE_INPUT_ATTACHMENT_BIT
DEBUG   | Not Supported: VK_FORMAT_R16G16B16_SFLOAT VK_IMAGE_TYPE_2D VK_IMAGE_TILING_OPTIMAL VK_IMAGE_USAGE_SAMPLED_BIT
DEBUG   | Not Supported: VK_FORMAT_R16G16B16_SFLOAT VK_IMAGE_TYPE_2D VK_IMAGE_TILING_OPTIMAL VK_IMAGE_USAGE_TRANSFER_SRC_BIT
DEBUG   | Not Supported: VK_FORMAT_R16G16B16_SFLOAT VK_IMAGE_TYPE_2D VK_IMAGE_TILING_OPTIMAL VK_IMAGE_USAGE_TRANSFER_DST_BIT
DEBUG   | Supported: VK_FORMAT_B8G8R8A8_UNORM VK_IMAGE_TYPE_2D VK_IMAGE_TILING_LINEAR VK_IMAGE_USAGE_COLOR_ATTACHMENT_BIT, supportsExternalMemory? 1, requiresDedicated? 0
DEBUG   | Not Supported: VK_FORMAT_B8G8R8A8_UNORM VK_IMAGE_TYPE_2D VK_IMAGE_TILING_LINEAR VK_IMAGE_USAGE_INPUT_ATTACHMENT_BIT
DEBUG   | Supported: VK_FORMAT_B8G8R8A8_UNORM VK_IMAGE_TYPE_2D VK_IMAGE_TILING_LINEAR VK_IMAGE_USAGE_SAMPLED_BIT, supportsExternalMemory? 1, requiresDedicated? 0
DEBUG   | Supported: VK_FORMAT_B8G8R8A8_UNORM VK_IMAGE_TYPE_2D VK_IMAGE_TILING_LINEAR VK_IMAGE_USAGE_TRANSFER_SRC_BIT, supportsExternalMemory? 1, requiresDedicated? 0
DEBUG   | Supported: VK_FORMAT_B8G8R8A8_UNORM VK_IMAGE_TYPE_2D VK_IMAGE_TILING_LINEAR VK_IMAGE_USAGE_TRANSFER_DST_BIT, supportsExternalMemory? 1, requiresDedicated? 0
DEBUG   | Supported: VK_FORMAT_B8G8R8A8_UNORM VK_IMAGE_TYPE_2D VK_IMAGE_TILING_OPTIMAL VK_IMAGE_USAGE_COLOR_ATTACHMENT_BIT, supportsExternalMemory? 1, requiresDedicated? 0
DEBUG   | Supported: VK_FORMAT_B8G8R8A8_UNORM VK_IMAGE_TYPE_2D VK_IMAGE_TILING_OPTIMAL VK_IMAGE_USAGE_INPUT_ATTACHMENT_BIT, supportsExternalMemory? 1, requiresDedicated? 0
DEBUG   | Supported: VK_FORMAT_B8G8R8A8_UNORM VK_IMAGE_TYPE_2D VK_IMAGE_TILING_OPTIMAL VK_IMAGE_USAGE_SAMPLED_BIT, supportsExternalMemory? 1, requiresDedicated? 0
DEBUG   | Supported: VK_FORMAT_B8G8R8A8_UNORM VK_IMAGE_TYPE_2D VK_IMAGE_TILING_OPTIMAL VK_IMAGE_USAGE_TRANSFER_SRC_BIT, supportsExternalMemory? 1, requiresDedicated? 0
DEBUG   | Supported: VK_FORMAT_B8G8R8A8_UNORM VK_IMAGE_TYPE_2D VK_IMAGE_TILING_OPTIMAL VK_IMAGE_USAGE_TRANSFER_DST_BIT, supportsExternalMemory? 1, requiresDedicated? 0
DEBUG   | Supported: VK_FORMAT_B4G4R4A4_UNORM_PACK16 VK_IMAGE_TYPE_2D VK_IMAGE_TILING_LINEAR VK_IMAGE_USAGE_COLOR_ATTACHMENT_BIT, supportsExternalMemory? 1, requiresDedicated? 0
DEBUG   | Not Supported: VK_FORMAT_B4G4R4A4_UNORM_PACK16 VK_IMAGE_TYPE_2D VK_IMAGE_TILING_LINEAR VK_IMAGE_USAGE_INPUT_ATTACHMENT_BIT
DEBUG   | Supported: VK_FORMAT_B4G4R4A4_UNORM_PACK16 VK_IMAGE_TYPE_2D VK_IMAGE_TILING_LINEAR VK_IMAGE_USAGE_SAMPLED_BIT, supportsExternalMemory? 1, requiresDedicated? 0
DEBUG   | Supported: VK_FORMAT_B4G4R4A4_UNORM_PACK16 VK_IMAGE_TYPE_2D VK_IMAGE_TILING_LINEAR VK_IMAGE_USAGE_TRANSFER_SRC_BIT, supportsExternalMemory? 1, requiresDedicated? 0
DEBUG   | Supported: VK_FORMAT_B4G4R4A4_UNORM_PACK16 VK_IMAGE_TYPE_2D VK_IMAGE_TILING_LINEAR VK_IMAGE_USAGE_TRANSFER_DST_BIT, supportsExternalMemory? 1, requiresDedicated? 0
DEBUG   | Supported: VK_FORMAT_B4G4R4A4_UNORM_PACK16 VK_IMAGE_TYPE_2D VK_IMAGE_TILING_OPTIMAL VK_IMAGE_USAGE_COLOR_ATTACHMENT_BIT, supportsExternalMemory? 1, requiresDedicated? 0
DEBUG   | Supported: VK_FORMAT_B4G4R4A4_UNORM_PACK16 VK_IMAGE_TYPE_2D VK_IMAGE_TILING_OPTIMAL VK_IMAGE_USAGE_INPUT_ATTACHMENT_BIT, supportsExternalMemory? 1, requiresDedicated? 0
DEBUG   | Supported: VK_FORMAT_B4G4R4A4_UNORM_PACK16 VK_IMAGE_TYPE_2D VK_IMAGE_TILING_OPTIMAL VK_IMAGE_USAGE_SAMPLED_BIT, supportsExternalMemory? 1, requiresDedicated? 0
DEBUG   | Supported: VK_FORMAT_B4G4R4A4_UNORM_PACK16 VK_IMAGE_TYPE_2D VK_IMAGE_TILING_OPTIMAL VK_IMAGE_USAGE_TRANSFER_SRC_BIT, supportsExternalMemory? 1, requiresDedicated? 0
DEBUG   | Supported: VK_FORMAT_B4G4R4A4_UNORM_PACK16 VK_IMAGE_TYPE_2D VK_IMAGE_TILING_OPTIMAL VK_IMAGE_USAGE_TRANSFER_DST_BIT, supportsExternalMemory? 1, requiresDedicated? 0
DEBUG   | Supported: VK_FORMAT_R4G4B4A4_UNORM_PACK16 VK_IMAGE_TYPE_2D VK_IMAGE_TILING_LINEAR VK_IMAGE_USAGE_COLOR_ATTACHMENT_BIT, supportsExternalMemory? 1, requiresDedicated? 0
DEBUG   | Not Supported: VK_FORMAT_R4G4B4A4_UNORM_PACK16 VK_IMAGE_TYPE_2D VK_IMAGE_TILING_LINEAR VK_IMAGE_USAGE_INPUT_ATTACHMENT_BIT
DEBUG   | Supported: VK_FORMAT_R4G4B4A4_UNORM_PACK16 VK_IMAGE_TYPE_2D VK_IMAGE_TILING_LINEAR VK_IMAGE_USAGE_SAMPLED_BIT, supportsExternalMemory? 1, requiresDedicated? 0
DEBUG   | Supported: VK_FORMAT_R4G4B4A4_UNORM_PACK16 VK_IMAGE_TYPE_2D VK_IMAGE_TILING_LINEAR VK_IMAGE_USAGE_TRANSFER_SRC_BIT, supportsExternalMemory? 1, requiresDedicated? 0
DEBUG   | Supported: VK_FORMAT_R4G4B4A4_UNORM_PACK16 VK_IMAGE_TYPE_2D VK_IMAGE_TILING_LINEAR VK_IMAGE_USAGE_TRANSFER_DST_BIT, supportsExternalMemory? 1, requiresDedicated? 0
DEBUG   | Supported: VK_FORMAT_R4G4B4A4_UNORM_PACK16 VK_IMAGE_TYPE_2D VK_IMAGE_TILING_OPTIMAL VK_IMAGE_USAGE_COLOR_ATTACHMENT_BIT, supportsExternalMemory? 1, requiresDedicated? 0
DEBUG   | Supported: VK_FORMAT_R4G4B4A4_UNORM_PACK16 VK_IMAGE_TYPE_2D VK_IMAGE_TILING_OPTIMAL VK_IMAGE_USAGE_INPUT_ATTACHMENT_BIT, supportsExternalMemory? 1, requiresDedicated? 0
DEBUG   | Supported: VK_FORMAT_R4G4B4A4_UNORM_PACK16 VK_IMAGE_TYPE_2D VK_IMAGE_TILING_OPTIMAL VK_IMAGE_USAGE_SAMPLED_BIT, supportsExternalMemory? 1, requiresDedicated? 0
DEBUG   | Supported: VK_FORMAT_R4G4B4A4_UNORM_PACK16 VK_IMAGE_TYPE_2D VK_IMAGE_TILING_OPTIMAL VK_IMAGE_USAGE_TRANSFER_SRC_BIT, supportsExternalMemory? 1, requiresDedicated? 0
DEBUG   | Supported: VK_FORMAT_R4G4B4A4_UNORM_PACK16 VK_IMAGE_TYPE_2D VK_IMAGE_TILING_OPTIMAL VK_IMAGE_USAGE_TRANSFER_DST_BIT, supportsExternalMemory? 1, requiresDedicated? 0
DEBUG   | Supported: VK_FORMAT_R8_UNORM VK_IMAGE_TYPE_2D VK_IMAGE_TILING_LINEAR VK_IMAGE_USAGE_COLOR_ATTACHMENT_BIT, supportsExternalMemory? 1, requiresDedicated? 0
DEBUG   | Not Supported: VK_FORMAT_R8_UNORM VK_IMAGE_TYPE_2D VK_IMAGE_TILING_LINEAR VK_IMAGE_USAGE_INPUT_ATTACHMENT_BIT
DEBUG   | Supported: VK_FORMAT_R8_UNORM VK_IMAGE_TYPE_2D VK_IMAGE_TILING_LINEAR VK_IMAGE_USAGE_SAMPLED_BIT, supportsExternalMemory? 1, requiresDedicated? 0
DEBUG   | Supported: VK_FORMAT_R8_UNORM VK_IMAGE_TYPE_2D VK_IMAGE_TILING_LINEAR VK_IMAGE_USAGE_TRANSFER_SRC_BIT, supportsExternalMemory? 1, requiresDedicated? 0
DEBUG   | Supported: VK_FORMAT_R8_UNORM VK_IMAGE_TYPE_2D VK_IMAGE_TILING_LINEAR VK_IMAGE_USAGE_TRANSFER_DST_BIT, supportsExternalMemory? 1, requiresDedicated? 0
DEBUG   | Supported: VK_FORMAT_R8_UNORM VK_IMAGE_TYPE_2D VK_IMAGE_TILING_OPTIMAL VK_IMAGE_USAGE_COLOR_ATTACHMENT_BIT, supportsExternalMemory? 1, requiresDedicated? 0
DEBUG   | Supported: VK_FORMAT_R8_UNORM VK_IMAGE_TYPE_2D VK_IMAGE_TILING_OPTIMAL VK_IMAGE_USAGE_INPUT_ATTACHMENT_BIT, supportsExternalMemory? 1, requiresDedicated? 0
DEBUG   | Supported: VK_FORMAT_R8_UNORM VK_IMAGE_TYPE_2D VK_IMAGE_TILING_OPTIMAL VK_IMAGE_USAGE_SAMPLED_BIT, supportsExternalMemory? 1, requiresDedicated? 0
DEBUG   | Supported: VK_FORMAT_R8_UNORM VK_IMAGE_TYPE_2D VK_IMAGE_TILING_OPTIMAL VK_IMAGE_USAGE_TRANSFER_SRC_BIT, supportsExternalMemory? 1, requiresDedicated? 0
DEBUG   | Supported: VK_FORMAT_R8_UNORM VK_IMAGE_TYPE_2D VK_IMAGE_TILING_OPTIMAL VK_IMAGE_USAGE_TRANSFER_DST_BIT, supportsExternalMemory? 1, requiresDedicated? 0
DEBUG   | Supported: VK_FORMAT_R16_UNORM VK_IMAGE_TYPE_2D VK_IMAGE_TILING_LINEAR VK_IMAGE_USAGE_COLOR_ATTACHMENT_BIT, supportsExternalMemory? 1, requiresDedicated? 0
DEBUG   | Not Supported: VK_FORMAT_R16_UNORM VK_IMAGE_TYPE_2D VK_IMAGE_TILING_LINEAR VK_IMAGE_USAGE_INPUT_ATTACHMENT_BIT
DEBUG   | Supported: VK_FORMAT_R16_UNORM VK_IMAGE_TYPE_2D VK_IMAGE_TILING_LINEAR VK_IMAGE_USAGE_SAMPLED_BIT, supportsExternalMemory? 1, requiresDedicated? 0
DEBUG   | Supported: VK_FORMAT_R16_UNORM VK_IMAGE_TYPE_2D VK_IMAGE_TILING_LINEAR VK_IMAGE_USAGE_TRANSFER_SRC_BIT, supportsExternalMemory? 1, requiresDedicated? 0
DEBUG   | Supported: VK_FORMAT_R16_UNORM VK_IMAGE_TYPE_2D VK_IMAGE_TILING_LINEAR VK_IMAGE_USAGE_TRANSFER_DST_BIT, supportsExternalMemory? 1, requiresDedicated? 0
DEBUG   | Supported: VK_FORMAT_R16_UNORM VK_IMAGE_TYPE_2D VK_IMAGE_TILING_OPTIMAL VK_IMAGE_USAGE_COLOR_ATTACHMENT_BIT, supportsExternalMemory? 1, requiresDedicated? 0
DEBUG   | Supported: VK_FORMAT_R16_UNORM VK_IMAGE_TYPE_2D VK_IMAGE_TILING_OPTIMAL VK_IMAGE_USAGE_INPUT_ATTACHMENT_BIT, supportsExternalMemory? 1, requiresDedicated? 0
DEBUG   | Supported: VK_FORMAT_R16_UNORM VK_IMAGE_TYPE_2D VK_IMAGE_TILING_OPTIMAL VK_IMAGE_USAGE_SAMPLED_BIT, supportsExternalMemory? 1, requiresDedicated? 0
DEBUG   | Supported: VK_FORMAT_R16_UNORM VK_IMAGE_TYPE_2D VK_IMAGE_TILING_OPTIMAL VK_IMAGE_USAGE_TRANSFER_SRC_BIT, supportsExternalMemory? 1, requiresDedicated? 0
DEBUG   | Supported: VK_FORMAT_R16_UNORM VK_IMAGE_TYPE_2D VK_IMAGE_TILING_OPTIMAL VK_IMAGE_USAGE_TRANSFER_DST_BIT, supportsExternalMemory? 1, requiresDedicated? 0
DEBUG   | Not Supported: VK_FORMAT_A2R10G10B10_UINT_PACK32 VK_IMAGE_TYPE_2D VK_IMAGE_TILING_LINEAR VK_IMAGE_USAGE_COLOR_ATTACHMENT_BIT
DEBUG   | Not Supported: VK_FORMAT_A2R10G10B10_UINT_PACK32 VK_IMAGE_TYPE_2D VK_IMAGE_TILING_LINEAR VK_IMAGE_USAGE_INPUT_ATTACHMENT_BIT
DEBUG   | Supported: VK_FORMAT_A2R10G10B10_UINT_PACK32 VK_IMAGE_TYPE_2D VK_IMAGE_TILING_LINEAR VK_IMAGE_USAGE_SAMPLED_BIT, supportsExternalMemory? 1, requiresDedicated? 0
DEBUG   | Supported: VK_FORMAT_A2R10G10B10_UINT_PACK32 VK_IMAGE_TYPE_2D VK_IMAGE_TILING_LINEAR VK_IMAGE_USAGE_TRANSFER_SRC_BIT, supportsExternalMemory? 1, requiresDedicated? 0
DEBUG   | Supported: VK_FORMAT_A2R10G10B10_UINT_PACK32 VK_IMAGE_TYPE_2D VK_IMAGE_TILING_LINEAR VK_IMAGE_USAGE_TRANSFER_DST_BIT, supportsExternalMemory? 1, requiresDedicated? 0
DEBUG   | Not Supported: VK_FORMAT_A2R10G10B10_UINT_PACK32 VK_IMAGE_TYPE_2D VK_IMAGE_TILING_OPTIMAL VK_IMAGE_USAGE_COLOR_ATTACHMENT_BIT
DEBUG   | Not Supported: VK_FORMAT_A2R10G10B10_UINT_PACK32 VK_IMAGE_TYPE_2D VK_IMAGE_TILING_OPTIMAL VK_IMAGE_USAGE_INPUT_ATTACHMENT_BIT
DEBUG   | Supported: VK_FORMAT_A2R10G10B10_UINT_PACK32 VK_IMAGE_TYPE_2D VK_IMAGE_TILING_OPTIMAL VK_IMAGE_USAGE_SAMPLED_BIT, supportsExternalMemory? 1, requiresDedicated? 0
DEBUG   | Supported: VK_FORMAT_A2R10G10B10_UINT_PACK32 VK_IMAGE_TYPE_2D VK_IMAGE_TILING_OPTIMAL VK_IMAGE_USAGE_TRANSFER_SRC_BIT, supportsExternalMemory? 1, requiresDedicated? 0
DEBUG   | Supported: VK_FORMAT_A2R10G10B10_UINT_PACK32 VK_IMAGE_TYPE_2D VK_IMAGE_TILING_OPTIMAL VK_IMAGE_USAGE_TRANSFER_DST_BIT, supportsExternalMemory? 1, requiresDedicated? 0
DEBUG   | Supported: VK_FORMAT_A2R10G10B10_UNORM_PACK32 VK_IMAGE_TYPE_2D VK_IMAGE_TILING_LINEAR VK_IMAGE_USAGE_COLOR_ATTACHMENT_BIT, supportsExternalMemory? 1, requiresDedicated? 0
DEBUG   | Not Supported: VK_FORMAT_A2R10G10B10_UNORM_PACK32 VK_IMAGE_TYPE_2D VK_IMAGE_TILING_LINEAR VK_IMAGE_USAGE_INPUT_ATTACHMENT_BIT
DEBUG   | Supported: VK_FORMAT_A2R10G10B10_UNORM_PACK32 VK_IMAGE_TYPE_2D VK_IMAGE_TILING_LINEAR VK_IMAGE_USAGE_SAMPLED_BIT, supportsExternalMemory? 1, requiresDedicated? 0
DEBUG   | Supported: VK_FORMAT_A2R10G10B10_UNORM_PACK32 VK_IMAGE_TYPE_2D VK_IMAGE_TILING_LINEAR VK_IMAGE_USAGE_TRANSFER_SRC_BIT, supportsExternalMemory? 1, requiresDedicated? 0
DEBUG   | Supported: VK_FORMAT_A2R10G10B10_UNORM_PACK32 VK_IMAGE_TYPE_2D VK_IMAGE_TILING_LINEAR VK_IMAGE_USAGE_TRANSFER_DST_BIT, supportsExternalMemory? 1, requiresDedicated? 0
DEBUG   | Supported: VK_FORMAT_A2R10G10B10_UNORM_PACK32 VK_IMAGE_TYPE_2D VK_IMAGE_TILING_OPTIMAL VK_IMAGE_USAGE_COLOR_ATTACHMENT_BIT, supportsExternalMemory? 1, requiresDedicated? 0
DEBUG   | Supported: VK_FORMAT_A2R10G10B10_UNORM_PACK32 VK_IMAGE_TYPE_2D VK_IMAGE_TILING_OPTIMAL VK_IMAGE_USAGE_INPUT_ATTACHMENT_BIT, supportsExternalMemory? 1, requiresDedicated? 0
DEBUG   | Supported: VK_FORMAT_A2R10G10B10_UNORM_PACK32 VK_IMAGE_TYPE_2D VK_IMAGE_TILING_OPTIMAL VK_IMAGE_USAGE_SAMPLED_BIT, supportsExternalMemory? 1, requiresDedicated? 0
DEBUG   | Supported: VK_FORMAT_A2R10G10B10_UNORM_PACK32 VK_IMAGE_TYPE_2D VK_IMAGE_TILING_OPTIMAL VK_IMAGE_USAGE_TRANSFER_SRC_BIT, supportsExternalMemory? 1, requiresDedicated? 0
DEBUG   | Supported: VK_FORMAT_A2R10G10B10_UNORM_PACK32 VK_IMAGE_TYPE_2D VK_IMAGE_TILING_OPTIMAL VK_IMAGE_USAGE_TRANSFER_DST_BIT, supportsExternalMemory? 1, requiresDedicated? 0
DEBUG   | Supported: VK_FORMAT_A2B10G10R10_UNORM_PACK32 VK_IMAGE_TYPE_2D VK_IMAGE_TILING_LINEAR VK_IMAGE_USAGE_COLOR_ATTACHMENT_BIT, supportsExternalMemory? 1, requiresDedicated? 0
DEBUG   | Not Supported: VK_FORMAT_A2B10G10R10_UNORM_PACK32 VK_IMAGE_TYPE_2D VK_IMAGE_TILING_LINEAR VK_IMAGE_USAGE_INPUT_ATTACHMENT_BIT
DEBUG   | Supported: VK_FORMAT_A2B10G10R10_UNORM_PACK32 VK_IMAGE_TYPE_2D VK_IMAGE_TILING_LINEAR VK_IMAGE_USAGE_SAMPLED_BIT, supportsExternalMemory? 1, requiresDedicated? 0
DEBUG   | Supported: VK_FORMAT_A2B10G10R10_UNORM_PACK32 VK_IMAGE_TYPE_2D VK_IMAGE_TILING_LINEAR VK_IMAGE_USAGE_TRANSFER_SRC_BIT, supportsExternalMemory? 1, requiresDedicated? 0
DEBUG   | Supported: VK_FORMAT_A2B10G10R10_UNORM_PACK32 VK_IMAGE_TYPE_2D VK_IMAGE_TILING_LINEAR VK_IMAGE_USAGE_TRANSFER_DST_BIT, supportsExternalMemory? 1, requiresDedicated? 0
DEBUG   | Supported: VK_FORMAT_A2B10G10R10_UNORM_PACK32 VK_IMAGE_TYPE_2D VK_IMAGE_TILING_OPTIMAL VK_IMAGE_USAGE_COLOR_ATTACHMENT_BIT, supportsExternalMemory? 1, requiresDedicated? 0
DEBUG   | Supported: VK_FORMAT_A2B10G10R10_UNORM_PACK32 VK_IMAGE_TYPE_2D VK_IMAGE_TILING_OPTIMAL VK_IMAGE_USAGE_INPUT_ATTACHMENT_BIT, supportsExternalMemory? 1, requiresDedicated? 0
DEBUG   | Supported: VK_FORMAT_A2B10G10R10_UNORM_PACK32 VK_IMAGE_TYPE_2D VK_IMAGE_TILING_OPTIMAL VK_IMAGE_USAGE_SAMPLED_BIT, supportsExternalMemory? 1, requiresDedicated? 0
DEBUG   | Supported: VK_FORMAT_A2B10G10R10_UNORM_PACK32 VK_IMAGE_TYPE_2D VK_IMAGE_TILING_OPTIMAL VK_IMAGE_USAGE_TRANSFER_SRC_BIT, supportsExternalMemory? 1, requiresDedicated? 0
DEBUG   | Supported: VK_FORMAT_A2B10G10R10_UNORM_PACK32 VK_IMAGE_TYPE_2D VK_IMAGE_TILING_OPTIMAL VK_IMAGE_USAGE_TRANSFER_DST_BIT, supportsExternalMemory? 1, requiresDedicated? 0
DEBUG   | Not Supported: VK_FORMAT_ETC2_R8G8B8A8_UNORM_BLOCK VK_IMAGE_TYPE_2D VK_IMAGE_TILING_LINEAR VK_IMAGE_USAGE_COLOR_ATTACHMENT_BIT
DEBUG   | Not Supported: VK_FORMAT_ETC2_R8G8B8A8_UNORM_BLOCK VK_IMAGE_TYPE_2D VK_IMAGE_TILING_LINEAR VK_IMAGE_USAGE_INPUT_ATTACHMENT_BIT
DEBUG   | Not Supported: VK_FORMAT_ETC2_R8G8B8A8_UNORM_BLOCK VK_IMAGE_TYPE_2D VK_IMAGE_TILING_LINEAR VK_IMAGE_USAGE_SAMPLED_BIT
DEBUG   | Not Supported: VK_FORMAT_ETC2_R8G8B8A8_UNORM_BLOCK VK_IMAGE_TYPE_2D VK_IMAGE_TILING_LINEAR VK_IMAGE_USAGE_TRANSFER_SRC_BIT
DEBUG   | Not Supported: VK_FORMAT_ETC2_R8G8B8A8_UNORM_BLOCK VK_IMAGE_TYPE_2D VK_IMAGE_TILING_LINEAR VK_IMAGE_USAGE_TRANSFER_DST_BIT
DEBUG   | Not Supported: VK_FORMAT_ETC2_R8G8B8A8_UNORM_BLOCK VK_IMAGE_TYPE_2D VK_IMAGE_TILING_OPTIMAL VK_IMAGE_USAGE_COLOR_ATTACHMENT_BIT
DEBUG   | Not Supported: VK_FORMAT_ETC2_R8G8B8A8_UNORM_BLOCK VK_IMAGE_TYPE_2D VK_IMAGE_TILING_OPTIMAL VK_IMAGE_USAGE_INPUT_ATTACHMENT_BIT
DEBUG   | Not Supported: VK_FORMAT_ETC2_R8G8B8A8_UNORM_BLOCK VK_IMAGE_TYPE_2D VK_IMAGE_TILING_OPTIMAL VK_IMAGE_USAGE_SAMPLED_BIT
DEBUG   | Not Supported: VK_FORMAT_ETC2_R8G8B8A8_UNORM_BLOCK VK_IMAGE_TYPE_2D VK_IMAGE_TILING_OPTIMAL VK_IMAGE_USAGE_TRANSFER_SRC_BIT
DEBUG   | Not Supported: VK_FORMAT_ETC2_R8G8B8A8_UNORM_BLOCK VK_IMAGE_TYPE_2D VK_IMAGE_TILING_OPTIMAL VK_IMAGE_USAGE_TRANSFER_DST_BIT
DEBUG   | Not Supported: VK_FORMAT_ASTC_4x4_UNORM_BLOCK VK_IMAGE_TYPE_2D VK_IMAGE_TILING_LINEAR VK_IMAGE_USAGE_COLOR_ATTACHMENT_BIT
DEBUG   | Not Supported: VK_FORMAT_ASTC_4x4_UNORM_BLOCK VK_IMAGE_TYPE_2D VK_IMAGE_TILING_LINEAR VK_IMAGE_USAGE_INPUT_ATTACHMENT_BIT
DEBUG   | Not Supported: VK_FORMAT_ASTC_4x4_UNORM_BLOCK VK_IMAGE_TYPE_2D VK_IMAGE_TILING_LINEAR VK_IMAGE_USAGE_SAMPLED_BIT
DEBUG   | Not Supported: VK_FORMAT_ASTC_4x4_UNORM_BLOCK VK_IMAGE_TYPE_2D VK_IMAGE_TILING_LINEAR VK_IMAGE_USAGE_TRANSFER_SRC_BIT
DEBUG   | Not Supported: VK_FORMAT_ASTC_4x4_UNORM_BLOCK VK_IMAGE_TYPE_2D VK_IMAGE_TILING_LINEAR VK_IMAGE_USAGE_TRANSFER_DST_BIT
DEBUG   | Not Supported: VK_FORMAT_ASTC_4x4_UNORM_BLOCK VK_IMAGE_TYPE_2D VK_IMAGE_TILING_OPTIMAL VK_IMAGE_USAGE_COLOR_ATTACHMENT_BIT
DEBUG   | Not Supported: VK_FORMAT_ASTC_4x4_UNORM_BLOCK VK_IMAGE_TYPE_2D VK_IMAGE_TILING_OPTIMAL VK_IMAGE_USAGE_INPUT_ATTACHMENT_BIT
DEBUG   | Not Supported: VK_FORMAT_ASTC_4x4_UNORM_BLOCK VK_IMAGE_TYPE_2D VK_IMAGE_TILING_OPTIMAL VK_IMAGE_USAGE_SAMPLED_BIT
DEBUG   | Not Supported: VK_FORMAT_ASTC_4x4_UNORM_BLOCK VK_IMAGE_TYPE_2D VK_IMAGE_TILING_OPTIMAL VK_IMAGE_USAGE_TRANSFER_SRC_BIT
DEBUG   | Not Supported: VK_FORMAT_ASTC_4x4_UNORM_BLOCK VK_IMAGE_TYPE_2D VK_IMAGE_TILING_OPTIMAL VK_IMAGE_USAGE_TRANSFER_DST_BIT
DEBUG   | Not Supported: VK_FORMAT_G8_B8R8_2PLANE_420_UNORM VK_IMAGE_TYPE_2D VK_IMAGE_TILING_LINEAR VK_IMAGE_USAGE_COLOR_ATTACHMENT_BIT
DEBUG   | Not Supported: VK_FORMAT_G8_B8R8_2PLANE_420_UNORM VK_IMAGE_TYPE_2D VK_IMAGE_TILING_LINEAR VK_IMAGE_USAGE_INPUT_ATTACHMENT_BIT
DEBUG   | Supported: VK_FORMAT_G8_B8R8_2PLANE_420_UNORM VK_IMAGE_TYPE_2D VK_IMAGE_TILING_LINEAR VK_IMAGE_USAGE_SAMPLED_BIT, supportsExternalMemory? 1, requiresDedicated? 0
DEBUG   | Supported: VK_FORMAT_G8_B8R8_2PLANE_420_UNORM VK_IMAGE_TYPE_2D VK_IMAGE_TILING_LINEAR VK_IMAGE_USAGE_TRANSFER_SRC_BIT, supportsExternalMemory? 1, requiresDedicated? 0
DEBUG   | Supported: VK_FORMAT_G8_B8R8_2PLANE_420_UNORM VK_IMAGE_TYPE_2D VK_IMAGE_TILING_LINEAR VK_IMAGE_USAGE_TRANSFER_DST_BIT, supportsExternalMemory? 1, requiresDedicated? 0
DEBUG   | Not Supported: VK_FORMAT_G8_B8R8_2PLANE_420_UNORM VK_IMAGE_TYPE_2D VK_IMAGE_TILING_OPTIMAL VK_IMAGE_USAGE_COLOR_ATTACHMENT_BIT
DEBUG   | Not Supported: VK_FORMAT_G8_B8R8_2PLANE_420_UNORM VK_IMAGE_TYPE_2D VK_IMAGE_TILING_OPTIMAL VK_IMAGE_USAGE_INPUT_ATTACHMENT_BIT
DEBUG   | Supported: VK_FORMAT_G8_B8R8_2PLANE_420_UNORM VK_IMAGE_TYPE_2D VK_IMAGE_TILING_OPTIMAL VK_IMAGE_USAGE_SAMPLED_BIT, supportsExternalMemory? 1, requiresDedicated? 0
DEBUG   | Supported: VK_FORMAT_G8_B8R8_2PLANE_420_UNORM VK_IMAGE_TYPE_2D VK_IMAGE_TILING_OPTIMAL VK_IMAGE_USAGE_TRANSFER_SRC_BIT, supportsExternalMemory? 1, requiresDedicated? 0
DEBUG   | Supported: VK_FORMAT_G8_B8R8_2PLANE_420_UNORM VK_IMAGE_TYPE_2D VK_IMAGE_TILING_OPTIMAL VK_IMAGE_USAGE_TRANSFER_DST_BIT, supportsExternalMemory? 1, requiresDedicated? 0
DEBUG   | Not Supported: VK_FORMAT_G8_B8R8_2PLANE_422_UNORM VK_IMAGE_TYPE_2D VK_IMAGE_TILING_LINEAR VK_IMAGE_USAGE_COLOR_ATTACHMENT_BIT
DEBUG   | Not Supported: VK_FORMAT_G8_B8R8_2PLANE_422_UNORM VK_IMAGE_TYPE_2D VK_IMAGE_TILING_LINEAR VK_IMAGE_USAGE_INPUT_ATTACHMENT_BIT
DEBUG   | Supported: VK_FORMAT_G8_B8R8_2PLANE_422_UNORM VK_IMAGE_TYPE_2D VK_IMAGE_TILING_LINEAR VK_IMAGE_USAGE_SAMPLED_BIT, supportsExternalMemory? 1, requiresDedicated? 0
DEBUG   | Supported: VK_FORMAT_G8_B8R8_2PLANE_422_UNORM VK_IMAGE_TYPE_2D VK_IMAGE_TILING_LINEAR VK_IMAGE_USAGE_TRANSFER_SRC_BIT, supportsExternalMemory? 1, requiresDedicated? 0
DEBUG   | Supported: VK_FORMAT_G8_B8R8_2PLANE_422_UNORM VK_IMAGE_TYPE_2D VK_IMAGE_TILING_LINEAR VK_IMAGE_USAGE_TRANSFER_DST_BIT, supportsExternalMemory? 1, requiresDedicated? 0
DEBUG   | Not Supported: VK_FORMAT_G8_B8R8_2PLANE_422_UNORM VK_IMAGE_TYPE_2D VK_IMAGE_TILING_OPTIMAL VK_IMAGE_USAGE_COLOR_ATTACHMENT_BIT
DEBUG   | Not Supported: VK_FORMAT_G8_B8R8_2PLANE_422_UNORM VK_IMAGE_TYPE_2D VK_IMAGE_TILING_OPTIMAL VK_IMAGE_USAGE_INPUT_ATTACHMENT_BIT
DEBUG   | Supported: VK_FORMAT_G8_B8R8_2PLANE_422_UNORM VK_IMAGE_TYPE_2D VK_IMAGE_TILING_OPTIMAL VK_IMAGE_USAGE_SAMPLED_BIT, supportsExternalMemory? 1, requiresDedicated? 0
DEBUG   | Supported: VK_FORMAT_G8_B8R8_2PLANE_422_UNORM VK_IMAGE_TYPE_2D VK_IMAGE_TILING_OPTIMAL VK_IMAGE_USAGE_TRANSFER_SRC_BIT, supportsExternalMemory? 1, requiresDedicated? 0
DEBUG   | Supported: VK_FORMAT_G8_B8R8_2PLANE_422_UNORM VK_IMAGE_TYPE_2D VK_IMAGE_TILING_OPTIMAL VK_IMAGE_USAGE_TRANSFER_DST_BIT, supportsExternalMemory? 1, requiresDedicated? 0
DEBUG   | Not Supported: VK_FORMAT_G8_B8_R8_3PLANE_420_UNORM VK_IMAGE_TYPE_2D VK_IMAGE_TILING_LINEAR VK_IMAGE_USAGE_COLOR_ATTACHMENT_BIT
DEBUG   | Not Supported: VK_FORMAT_G8_B8_R8_3PLANE_420_UNORM VK_IMAGE_TYPE_2D VK_IMAGE_TILING_LINEAR VK_IMAGE_USAGE_INPUT_ATTACHMENT_BIT
DEBUG   | Supported: VK_FORMAT_G8_B8_R8_3PLANE_420_UNORM VK_IMAGE_TYPE_2D VK_IMAGE_TILING_LINEAR VK_IMAGE_USAGE_SAMPLED_BIT, supportsExternalMemory? 1, requiresDedicated? 0
DEBUG   | Supported: VK_FORMAT_G8_B8_R8_3PLANE_420_UNORM VK_IMAGE_TYPE_2D VK_IMAGE_TILING_LINEAR VK_IMAGE_USAGE_TRANSFER_SRC_BIT, supportsExternalMemory? 1, requiresDedicated? 0
DEBUG   | Supported: VK_FORMAT_G8_B8_R8_3PLANE_420_UNORM VK_IMAGE_TYPE_2D VK_IMAGE_TILING_LINEAR VK_IMAGE_USAGE_TRANSFER_DST_BIT, supportsExternalMemory? 1, requiresDedicated? 0
DEBUG   | Not Supported: VK_FORMAT_G8_B8_R8_3PLANE_420_UNORM VK_IMAGE_TYPE_2D VK_IMAGE_TILING_OPTIMAL VK_IMAGE_USAGE_COLOR_ATTACHMENT_BIT
DEBUG   | Not Supported: VK_FORMAT_G8_B8_R8_3PLANE_420_UNORM VK_IMAGE_TYPE_2D VK_IMAGE_TILING_OPTIMAL VK_IMAGE_USAGE_INPUT_ATTACHMENT_BIT
DEBUG   | Supported: VK_FORMAT_G8_B8_R8_3PLANE_420_UNORM VK_IMAGE_TYPE_2D VK_IMAGE_TILING_OPTIMAL VK_IMAGE_USAGE_SAMPLED_BIT, supportsExternalMemory? 1, requiresDedicated? 0
DEBUG   | Supported: VK_FORMAT_G8_B8_R8_3PLANE_420_UNORM VK_IMAGE_TYPE_2D VK_IMAGE_TILING_OPTIMAL VK_IMAGE_USAGE_TRANSFER_SRC_BIT, supportsExternalMemory? 1, requiresDedicated? 0
DEBUG   | Supported: VK_FORMAT_G8_B8_R8_3PLANE_420_UNORM VK_IMAGE_TYPE_2D VK_IMAGE_TILING_OPTIMAL VK_IMAGE_USAGE_TRANSFER_DST_BIT, supportsExternalMemory? 1, requiresDedicated? 0
DEBUG   | Not Supported: VK_FORMAT_G8_B8_R8_3PLANE_422_UNORM VK_IMAGE_TYPE_2D VK_IMAGE_TILING_LINEAR VK_IMAGE_USAGE_COLOR_ATTACHMENT_BIT
DEBUG   | Not Supported: VK_FORMAT_G8_B8_R8_3PLANE_422_UNORM VK_IMAGE_TYPE_2D VK_IMAGE_TILING_LINEAR VK_IMAGE_USAGE_INPUT_ATTACHMENT_BIT
DEBUG   | Supported: VK_FORMAT_G8_B8_R8_3PLANE_422_UNORM VK_IMAGE_TYPE_2D VK_IMAGE_TILING_LINEAR VK_IMAGE_USAGE_SAMPLED_BIT, supportsExternalMemory? 1, requiresDedicated? 0
DEBUG   | Supported: VK_FORMAT_G8_B8_R8_3PLANE_422_UNORM VK_IMAGE_TYPE_2D VK_IMAGE_TILING_LINEAR VK_IMAGE_USAGE_TRANSFER_SRC_BIT, supportsExternalMemory? 1, requiresDedicated? 0
DEBUG   | Supported: VK_FORMAT_G8_B8_R8_3PLANE_422_UNORM VK_IMAGE_TYPE_2D VK_IMAGE_TILING_LINEAR VK_IMAGE_USAGE_TRANSFER_DST_BIT, supportsExternalMemory? 1, requiresDedicated? 0
DEBUG   | Not Supported: VK_FORMAT_G8_B8_R8_3PLANE_422_UNORM VK_IMAGE_TYPE_2D VK_IMAGE_TILING_OPTIMAL VK_IMAGE_USAGE_COLOR_ATTACHMENT_BIT
DEBUG   | Not Supported: VK_FORMAT_G8_B8_R8_3PLANE_422_UNORM VK_IMAGE_TYPE_2D VK_IMAGE_TILING_OPTIMAL VK_IMAGE_USAGE_INPUT_ATTACHMENT_BIT
DEBUG   | Supported: VK_FORMAT_G8_B8_R8_3PLANE_422_UNORM VK_IMAGE_TYPE_2D VK_IMAGE_TILING_OPTIMAL VK_IMAGE_USAGE_SAMPLED_BIT, supportsExternalMemory? 1, requiresDedicated? 0
DEBUG   | Supported: VK_FORMAT_G8_B8_R8_3PLANE_422_UNORM VK_IMAGE_TYPE_2D VK_IMAGE_TILING_OPTIMAL VK_IMAGE_USAGE_TRANSFER_SRC_BIT, supportsExternalMemory? 1, requiresDedicated? 0
DEBUG   | Supported: VK_FORMAT_G8_B8_R8_3PLANE_422_UNORM VK_IMAGE_TYPE_2D VK_IMAGE_TILING_OPTIMAL VK_IMAGE_USAGE_TRANSFER_DST_BIT, supportsExternalMemory? 1, requiresDedicated? 0
DEBUG   | Not Supported: VK_FORMAT_G10X6_B10X6R10X6_2PLANE_420_UNORM_3PACK16 VK_IMAGE_TYPE_2D VK_IMAGE_TILING_LINEAR VK_IMAGE_USAGE_COLOR_ATTACHMENT_BIT
DEBUG   | Not Supported: VK_FORMAT_G10X6_B10X6R10X6_2PLANE_420_UNORM_3PACK16 VK_IMAGE_TYPE_2D VK_IMAGE_TILING_LINEAR VK_IMAGE_USAGE_INPUT_ATTACHMENT_BIT
DEBUG   | Supported: VK_FORMAT_G10X6_B10X6R10X6_2PLANE_420_UNORM_3PACK16 VK_IMAGE_TYPE_2D VK_IMAGE_TILING_LINEAR VK_IMAGE_USAGE_SAMPLED_BIT, supportsExternalMemory? 1, requiresDedicated? 0
DEBUG   | Supported: VK_FORMAT_G10X6_B10X6R10X6_2PLANE_420_UNORM_3PACK16 VK_IMAGE_TYPE_2D VK_IMAGE_TILING_LINEAR VK_IMAGE_USAGE_TRANSFER_SRC_BIT, supportsExternalMemory? 1, requiresDedicated? 0
DEBUG   | Supported: VK_FORMAT_G10X6_B10X6R10X6_2PLANE_420_UNORM_3PACK16 VK_IMAGE_TYPE_2D VK_IMAGE_TILING_LINEAR VK_IMAGE_USAGE_TRANSFER_DST_BIT, supportsExternalMemory? 1, requiresDedicated? 0
DEBUG   | Not Supported: VK_FORMAT_G10X6_B10X6R10X6_2PLANE_420_UNORM_3PACK16 VK_IMAGE_TYPE_2D VK_IMAGE_TILING_OPTIMAL VK_IMAGE_USAGE_COLOR_ATTACHMENT_BIT
DEBUG   | Not Supported: VK_FORMAT_G10X6_B10X6R10X6_2PLANE_420_UNORM_3PACK16 VK_IMAGE_TYPE_2D VK_IMAGE_TILING_OPTIMAL VK_IMAGE_USAGE_INPUT_ATTACHMENT_BIT
DEBUG   | Supported: VK_FORMAT_G10X6_B10X6R10X6_2PLANE_420_UNORM_3PACK16 VK_IMAGE_TYPE_2D VK_IMAGE_TILING_OPTIMAL VK_IMAGE_USAGE_SAMPLED_BIT, supportsExternalMemory? 1, requiresDedicated? 0
DEBUG   | Supported: VK_FORMAT_G10X6_B10X6R10X6_2PLANE_420_UNORM_3PACK16 VK_IMAGE_TYPE_2D VK_IMAGE_TILING_OPTIMAL VK_IMAGE_USAGE_TRANSFER_SRC_BIT, supportsExternalMemory? 1, requiresDedicated? 0
DEBUG   | Supported: VK_FORMAT_G10X6_B10X6R10X6_2PLANE_420_UNORM_3PACK16 VK_IMAGE_TYPE_2D VK_IMAGE_TILING_OPTIMAL VK_IMAGE_USAGE_TRANSFER_DST_BIT, supportsExternalMemory? 1, requiresDedicated? 0
DEBUG   | Supported: VK_FORMAT_D16_UNORM VK_IMAGE_TYPE_2D VK_IMAGE_TILING_OPTIMAL VK_IMAGE_USAGE_DEPTH_STENCIL_ATTACHMENT_BIT, supportsExternalMemory? 1, requiresDedicated? 0
DEBUG   | Supported: VK_FORMAT_D16_UNORM VK_IMAGE_TYPE_2D VK_IMAGE_TILING_OPTIMAL VK_IMAGE_USAGE_INPUT_ATTACHMENT_BIT, supportsExternalMemory? 1, requiresDedicated? 0
DEBUG   | Supported: VK_FORMAT_D16_UNORM VK_IMAGE_TYPE_2D VK_IMAGE_TILING_OPTIMAL VK_IMAGE_USAGE_SAMPLED_BIT, supportsExternalMemory? 1, requiresDedicated? 0
DEBUG   | Supported: VK_FORMAT_D16_UNORM VK_IMAGE_TYPE_2D VK_IMAGE_TILING_OPTIMAL VK_IMAGE_USAGE_TRANSFER_SRC_BIT, supportsExternalMemory? 1, requiresDedicated? 0
DEBUG   | Supported: VK_FORMAT_D16_UNORM VK_IMAGE_TYPE_2D VK_IMAGE_TILING_OPTIMAL VK_IMAGE_USAGE_TRANSFER_DST_BIT, supportsExternalMemory? 1, requiresDedicated? 0
DEBUG   | Supported: VK_FORMAT_X8_D24_UNORM_PACK32 VK_IMAGE_TYPE_2D VK_IMAGE_TILING_OPTIMAL VK_IMAGE_USAGE_DEPTH_STENCIL_ATTACHMENT_BIT, supportsExternalMemory? 1, requiresDedicated? 0
DEBUG   | Supported: VK_FORMAT_X8_D24_UNORM_PACK32 VK_IMAGE_TYPE_2D VK_IMAGE_TILING_OPTIMAL VK_IMAGE_USAGE_INPUT_ATTACHMENT_BIT, supportsExternalMemory? 1, requiresDedicated? 0
DEBUG   | Supported: VK_FORMAT_X8_D24_UNORM_PACK32 VK_IMAGE_TYPE_2D VK_IMAGE_TILING_OPTIMAL VK_IMAGE_USAGE_SAMPLED_BIT, supportsExternalMemory? 1, requiresDedicated? 0
DEBUG   | Supported: VK_FORMAT_X8_D24_UNORM_PACK32 VK_IMAGE_TYPE_2D VK_IMAGE_TILING_OPTIMAL VK_IMAGE_USAGE_TRANSFER_SRC_BIT, supportsExternalMemory? 1, requiresDedicated? 0
DEBUG   | Supported: VK_FORMAT_X8_D24_UNORM_PACK32 VK_IMAGE_TYPE_2D VK_IMAGE_TILING_OPTIMAL VK_IMAGE_USAGE_TRANSFER_DST_BIT, supportsExternalMemory? 1, requiresDedicated? 0
DEBUG   | Supported: VK_FORMAT_D24_UNORM_S8_UINT VK_IMAGE_TYPE_2D VK_IMAGE_TILING_OPTIMAL VK_IMAGE_USAGE_DEPTH_STENCIL_ATTACHMENT_BIT, supportsExternalMemory? 1, requiresDedicated? 0
DEBUG   | Supported: VK_FORMAT_D24_UNORM_S8_UINT VK_IMAGE_TYPE_2D VK_IMAGE_TILING_OPTIMAL VK_IMAGE_USAGE_INPUT_ATTACHMENT_BIT, supportsExternalMemory? 1, requiresDedicated? 0
DEBUG   | Supported: VK_FORMAT_D24_UNORM_S8_UINT VK_IMAGE_TYPE_2D VK_IMAGE_TILING_OPTIMAL VK_IMAGE_USAGE_SAMPLED_BIT, supportsExternalMemory? 1, requiresDedicated? 0
DEBUG   | Supported: VK_FORMAT_D24_UNORM_S8_UINT VK_IMAGE_TYPE_2D VK_IMAGE_TILING_OPTIMAL VK_IMAGE_USAGE_TRANSFER_SRC_BIT, supportsExternalMemory? 1, requiresDedicated? 0
DEBUG   | Supported: VK_FORMAT_D24_UNORM_S8_UINT VK_IMAGE_TYPE_2D VK_IMAGE_TILING_OPTIMAL VK_IMAGE_USAGE_TRANSFER_DST_BIT, supportsExternalMemory? 1, requiresDedicated? 0
DEBUG   | Supported: VK_FORMAT_D32_SFLOAT VK_IMAGE_TYPE_2D VK_IMAGE_TILING_OPTIMAL VK_IMAGE_USAGE_DEPTH_STENCIL_ATTACHMENT_BIT, supportsExternalMemory? 1, requiresDedicated? 0
DEBUG   | Supported: VK_FORMAT_D32_SFLOAT VK_IMAGE_TYPE_2D VK_IMAGE_TILING_OPTIMAL VK_IMAGE_USAGE_INPUT_ATTACHMENT_BIT, supportsExternalMemory? 1, requiresDedicated? 0
DEBUG   | Supported: VK_FORMAT_D32_SFLOAT VK_IMAGE_TYPE_2D VK_IMAGE_TILING_OPTIMAL VK_IMAGE_USAGE_SAMPLED_BIT, supportsExternalMemory? 1, requiresDedicated? 0
DEBUG   | Supported: VK_FORMAT_D32_SFLOAT VK_IMAGE_TYPE_2D VK_IMAGE_TILING_OPTIMAL VK_IMAGE_USAGE_TRANSFER_SRC_BIT, supportsExternalMemory? 1, requiresDedicated? 0
DEBUG   | Supported: VK_FORMAT_D32_SFLOAT VK_IMAGE_TYPE_2D VK_IMAGE_TILING_OPTIMAL VK_IMAGE_USAGE_TRANSFER_DST_BIT, supportsExternalMemory? 1, requiresDedicated? 0
DEBUG   | Supported: VK_FORMAT_D32_SFLOAT_S8_UINT VK_IMAGE_TYPE_2D VK_IMAGE_TILING_OPTIMAL VK_IMAGE_USAGE_DEPTH_STENCIL_ATTACHMENT_BIT, supportsExternalMemory? 1, requiresDedicated? 0
DEBUG   | Supported: VK_FORMAT_D32_SFLOAT_S8_UINT VK_IMAGE_TYPE_2D VK_IMAGE_TILING_OPTIMAL VK_IMAGE_USAGE_INPUT_ATTACHMENT_BIT, supportsExternalMemory? 1, requiresDedicated? 0
DEBUG   | Supported: VK_FORMAT_D32_SFLOAT_S8_UINT VK_IMAGE_TYPE_2D VK_IMAGE_TILING_OPTIMAL VK_IMAGE_USAGE_SAMPLED_BIT, supportsExternalMemory? 1, requiresDedicated? 0
DEBUG   | Supported: VK_FORMAT_D32_SFLOAT_S8_UINT VK_IMAGE_TYPE_2D VK_IMAGE_TILING_OPTIMAL VK_IMAGE_USAGE_TRANSFER_SRC_BIT, supportsExternalMemory? 1, requiresDedicated? 0
DEBUG   | Supported: VK_FORMAT_D32_SFLOAT_S8_UINT VK_IMAGE_TYPE_2D VK_IMAGE_TILING_OPTIMAL VK_IMAGE_USAGE_TRANSFER_DST_BIT, supportsExternalMemory? 1, requiresDedicated? 0
INFO         | Selecting Vulkan device: NVIDIA GeForce RTX 4060, Version: 1.4.351
DEBUG   | deviceInfo: 
hasGraphicsQueueFamily = 1
hasComputeQueueFamily = 1
externalMemoryMode = OpaqueWin32
supportsExternalMemoryImport = 1
supportsExternalMemoryExport = 1
supportsDriverProperties = 1
hasSamplerYcbcrConversionExtension = 1
supportsSamplerYcbcrConversion = 1
glInteropSupported = 0
DEBUG   | Vulkan logical device created and extension functions obtained.
DEBUG   | Vulkan device queue obtained.
VERBOSE | create: selected memory type index = 3, propertyFlags = 14, heapIndex = 1
VERBOSE | Creating YCbCr sampler for VK_FORMAT_G8_B8R8_2PLANE_420_UNORM
VERBOSE | Creating YCbCr sampler for VK_FORMAT_G8_B8R8_2PLANE_420_UNORM
VERBOSE | Creating YCbCr sampler for VK_FORMAT_G8_B8_R8_3PLANE_420_UNORM
VERBOSE | Creating YCbCr sampler for VK_FORMAT_G8_B8_R8_3PLANE_420_UNORM
VERBOSE | Vulkan global emulation state successfully initialized.
DEBUG   | (anonymous namespace)::WinEngine::WinEngine: Trying to load opengl32.dll

VERBOSE | SharedLibrary::open for [opengl32.dll]: not found in map, open for the first time
VERBOSE | SharedLibrary::open for [opengl32.dll] (win32): call LoadLibrary
VERBOSE | SharedLibrary::open succeeded for [opengl32.dll]. File name: [C:\WINDOWS\SYSTEM32\opengl32.DLL]
DEBUG   | (anonymous namespace)::WinEngine::WinEngine: Library loaded at 0000021270380E80

DEBUG   | (anonymous namespace)::WinEngine::WinEngine: Dispatch initialized

DEBUG   | call eglInitialize
VERBOSE | SharedLibrary::open for [libshadertranslator.dll]: not found in map, open for the first time
VERBOSE | SharedLibrary::open for [libshadertranslator.dll] (win32): call LoadLibrary
VERBOSE | SharedLibrary::open succeeded for [libshadertranslator.dll]. File name: [C:\Users\Function\AppData\Local\Android\Sdk\emulator\lib64\libshadertranslator.dll]
DEBUG   | Create: Guest API level: 35, maximum Vulkan API version will be limited to 1.3
DEBUG   | glvk interop final: 1
INFO         | Initializing VkEmulation features:
INFO         |     glInteropSupported: true
INFO         |     useDeferredCommands: true
INFO         |     createResourceWithRequirements: true
INFO         |     useVulkanComposition: false
INFO         |     useVulkanNativeSwapchain: false
INFO         |     enable guestRenderDoc: false
INFO         |     ASTC LDR emulation mode: Gpu
INFO         |     enable ETC2 emulation: true
INFO         |     enable Ycbcr emulation: false
INFO         |     guestVulkanOnly: false
INFO         |     useDedicatedAllocations: false
INFO         |     guestVulkanMaxApiVersion: 1.3.0
DEBUG   | ColorBuffer 4294967295, 64x64, VK_FORMAT_R8G8B8A8_UNORM, Memory [size: 16384, type: 1, props: 1 / 1]
DEBUG   | Representative ColorBuffer memory type using host memory type index 1 and guest memory type index :1
DEBUG   | Performing composition using CompositorGl.
INFO         | Graphics Adapter Vendor Google (NVIDIA Corporation)
INFO         | Graphics Adapter Android Emulator OpenGL ES Translator (NVIDIA GeForce RTX 4060/PCIe/SSE2)
INFO         | Graphics API Version OpenGL ES 3.0 (4.5.0 NVIDIA 616.56)
INFO         | Graphics API Extensions GL_OES_EGL_sync GL_OES_EGL_image GL_OES_EGL_image_external GL_OES_depth24 GL_OES_depth32 GL_OES_element_index_uint GL_OES_texture_float GL_OES_texture_float_linear GL_OES_compressed_paletted_texture GL_OES_compressed_ETC1_RGB8_texture GL_OES_depth_texture GL_OES_texture_half_float GL_OES_texture_half_float_linear GL_OES_packed_depth_stencil GL_OES_vertex_half_float GL_OES_texture_npot GL_OES_rgb8_rgba8 GL_OVR_multiview2 GL_EXT_multiview_texture_multisample GL_EXT_color_buffer_float GL_EXT_color_buffer_half_float GL_EXT_texture_format_BGRA8888 GL_APPLE_texture_format_BGRA8888 GL_EXT_texture_buffer 
INFO         | Graphics Device Extensions N/A
INFO         | Disabling sparse binding feature support
DEBUG   | Renderer initialized successfully
INFO         | Setting vsync to 60 hz
DEBUG   | CMD_SET_VSYNC_HZ
DEBUG   | Exited a loader RenderThread @00000211E99C5B80
DEBUG   | emuglConfig_get_vulkan_hardware_gpu_support_info: Successfully created vulkan instance

ERROR        | Failed to load Vulkan functions!
INFO         | Sending adb public key [QAAAABcil/BZyknuWmfedB1RgqSDwnN+qd7Df/lgcvxD1xriCevWyfN42v7OPYK4EraeG2CL8DK88EKtqbw2IkiZgVxkb686w7W8pXH1djS/PpEEerQ/kuoE2szswtlPed2zAKruDwYR9LpKajifWVq/YTevUDLRowVOiKDRvrAmLPM1yywB1uT946I8q9FE2lE0IHuioIDdT6C3jDGkAI7LE6/Qd3LiI4QI7CUuQxMbWfkl12oz+V8S4zWB8LnH3mtYYFDFAB315yIDUVVU7rgq3ojzO9pcta9ONVKqD3GLO2iq9t8ADjRuyDAbTe+7E0EDvDqyKgvSOApPHq4Eg0vAngp3X3K9bS+HD9dDUhSTvCqOBii9MaBQyCVOfbJoM8A7ogC0nZ+mUoI+zk7MevqEf9diK/Ysp+9DhfG25jotNCm8whe4Rx99PxDraOn/DIV5PXQuK4kF9ZQTZ6JcoNI6KcMVA0wA7jY+MrXt0pfUYM9p+RpNXxqYNhm3FNSkIBUMI6VfgT2/M4HBfi8rRa5OTjvPR0VYZEjDnNMHniHZ74yM8/iMirmS0AeTTGW/bTbCSoYLQQlUGubZHEFoTqFbaOQaSWCH3PCjGFXumF3+6Er5wOchD9qJ3Am462xJcQ0J3DmZiCCC2R+aB0T7ISCTR0yiBk6ZhO7+Jex4vs/cubs5f72gsgEAAQA= @unknown]
INFO         | Userspace boot properties:
INFO         |   androidboot.boot_devices=pci0000:00/0000:00:03.0 pci0000:00/0000:00:06.0
INFO         |   androidboot.dalvik.vm.heapsize=512m
INFO         |   androidboot.debug.hwui.renderer=skiagl
INFO         |   androidboot.debug.sf.nobootanimation=1
INFO         |   androidboot.hardware=ranchu
INFO         |   androidboot.hardware.gltransport=pipe
INFO         |   androidboot.hardware.vulkan=ranchu
INFO         |   androidboot.logcat=*:V
INFO         |   androidboot.opengles.version=196609
INFO         |   androidboot.qemu=1
INFO         |   androidboot.qemu.adb.pubkey=QAAAABcil/BZyknuWmfedB1RgqSDwnN+qd7Df/lgcvxD1xriCevWyfN42v7OPYK4EraeG2CL8DK88EKtqbw2IkiZgVxkb686w7W8pXH1djS/PpEEerQ/kuoE2szswtlPed2zAKruDwYR9LpKajifWVq/YTevUDLRowVOiKDRvrAmLPM1yywB1uT946I8q9FE2lE0IHuioIDdT6C3jDGkAI7LE6/Qd3LiI4QI7CUuQxMbWfkl12oz+V8S4zWB8LnH3mtYYFDFAB315yIDUVVU7rgq3ojzO9pcta9ONVKqD3GLO2iq9t8ADjRuyDAbTe+7E0EDvDqyKgvSOApPHq4Eg0vAngp3X3K9bS+HD9dDUhSTvCqOBii9MaBQyCVOfbJoM8A7ogC0nZ+mUoI+zk7MevqEf9diK/Ysp+9DhfG25jotNCm8whe4Rx99PxDraOn/DIV5PXQuK4kF9ZQTZ6JcoNI6KcMVA0wA7jY+MrXt0pfUYM9p+RpNXxqYNhm3FNSkIBUMI6VfgT2/M4HBfi8rRa5OTjvPR0VYZEjDnNMHniHZ74yM8/iMirmS0AeTTGW/bTbCSoYLQQlUGubZHEFoTqFbaOQaSWCH3PCjGFXumF3+6Er5wOchD9qJ3Am462xJcQ0J3DmZiCCC2R+aB0T7ISCTR0yiBk6ZhO7+Jex4vs/cubs5f72gsgEAAQA= @unknown
INFO         |   androidboot.qemu.avd_name=NanoKVMPro
INFO         |   androidboot.qemu.camera_hq_edge_processing=0
INFO         |   androidboot.qemu.camera_protocol_ver=1
INFO         |   androidboot.qemu.cpuvulkan.version=4202496
INFO         |   androidboot.qemu.gltransport.drawFlushInterval=800
INFO         |   androidboot.qemu.gltransport.name=pipe
INFO         |   androidboot.qemu.hwcodec.avcdec=2
INFO         |   androidboot.qemu.hwcodec.hevcdec=2
INFO         |   androidboot.qemu.hwcodec.vpxdec=2
INFO         |   androidboot.qemu.settings.system.screen_off_timeout=2147483647
INFO         |   androidboot.qemu.skin=1080x2400
INFO         |   androidboot.qemu.virtiowifi=1
INFO         |   androidboot.qemu.vsync=60
INFO         |   androidboot.serialno=EMULATOR36X5X11X0
INFO         |   androidboot.vbmeta.digest=b3271ba499104f4631ae3723913d5c12574e01715fce5b82d60beed097ead264
INFO         |   androidboot.vbmeta.hash_alg=sha256
INFO         |   androidboot.vbmeta.size=6720
INFO         |   androidboot.veritymode=enforcing
INFO         | Android bootconfig:
INFO         |   androidboot.boot_devices="pci0000:00/0000:00:03.0 pci0000:00/0000:00:06.0"
INFO         |   androidboot.dalvik.vm.heapsize="512m"
INFO         |   androidboot.debug.hwui.renderer="skiagl"
INFO         |   androidboot.debug.sf.nobootanimation="1"
INFO         |   androidboot.hardware="ranchu"
INFO         |   androidboot.hardware.gltransport="pipe"
INFO         |   androidboot.hardware.vulkan="ranchu"
INFO         |   androidboot.logcat="*:V"
INFO         |   androidboot.opengles.version="196609"
INFO         |   androidboot.qemu="1"
INFO         |   androidboot.qemu.adb.pubkey="QAAAABcil/BZyknuWmfedB1RgqSDwnN+qd7Df/lgcvxD1xriCevWyfN42v7OPYK4EraeG2CL8DK88EKtqbw2IkiZgVxkb686w7W8pXH1djS/PpEEerQ/kuoE2szswtlPed2zAKruDwYR9LpKajifWVq/YTevUDLRowVOiKDRvrAmLPM1yywB1uT946I8q9FE2lE0IHuioIDdT6C3jDGkAI7LE6/Qd3LiI4QI7CUuQxMbWfkl12oz+V8S4zWB8LnH3mtYYFDFAB315yIDUVVU7rgq3ojzO9pcta9ONVKqD3GLO2iq9t8ADjRuyDAbTe+7E0EDvDqyKgvSOApPHq4Eg0vAngp3X3K9bS+HD9dDUhSTvCqOBii9MaBQyCVOfbJoM8A7ogC0nZ+mUoI+zk7MevqEf9diK/Ysp+9DhfG25jotNCm8whe4Rx99PxDraOn/DIV5PXQuK4kF9ZQTZ6JcoNI6KcMVA0wA7jY+MrXt0pfUYM9p+RpNXxqYNhm3FNSkIBUMI6VfgT2/M4HBfi8rRa5OTjvPR0VYZEjDnNMHniHZ74yM8/iMirmS0AeTTGW/bTbCSoYLQQlUGubZHEFoTqFbaOQaSWCH3PCjGFXumF3+6Er5wOchD9qJ3Am462xJcQ0J3DmZiCCC2R+aB0T7ISCTR0yiBk6ZhO7+Jex4vs/cubs5f72gsgEAAQA= @unknown"
INFO         |   androidboot.qemu.avd_name="NanoKVMPro"
INFO         |   androidboot.qemu.camera_hq_edge_processing="0"
INFO         |   androidboot.qemu.camera_protocol_ver="1"
INFO         |   androidboot.qemu.cpuvulkan.version="4202496"
INFO         |   androidboot.qemu.gltransport.drawFlushInterval="800"
INFO         |   androidboot.qemu.gltransport.name="pipe"
INFO         |   androidboot.qemu.hwcodec.avcdec="2"
INFO         |   androidboot.qemu.hwcodec.hevcdec="2"
INFO         |   androidboot.qemu.hwcodec.vpxdec="2"
INFO         |   androidboot.qemu.settings.system.screen_off_timeout="2147483647"
INFO         |   androidboot.qemu.skin="1080x2400"
INFO         |   androidboot.qemu.virtiowifi="1"
INFO         |   androidboot.qemu.vsync="60"
INFO         |   androidboot.serialno="EMULATOR36X5X11X0"
INFO         |   androidboot.vbmeta.digest="b3271ba499104f4631ae3723913d5c12574e01715fce5b82d60beed097ead264"
INFO         |   androidboot.vbmeta.hash_alg="sha256"
INFO         |   androidboot.vbmeta.size="6720"
INFO         |   androidboot.veritymode="enforcing"
DEBUG   | Found 1 DNS servers:
DEBUG   | 	192.168.5.1
INFO         | Content of hardware configuration file:
INFO         | 	hw.cpu.arch = x86_64
INFO         | 	hw.cpu.ncore = 4
INFO         | 	hw.ramSize = 2048
INFO         | 	hw.screen = multi-touch
INFO         | 	hw.mainKeys = false
INFO         | 	hw.touchpad0 = false
INFO         | 	hw.touchpad0.width = 600
INFO         | 	hw.touchpad0.height = 400
INFO         | 	hw.trackBall = false
INFO         | 	hw.keyboard = false
INFO         | 	hw.keyboard.lid = true
INFO         | 	hw.keyboard.charmap = qwerty2
INFO         | 	hw.dPad = false
INFO         | 	hw.rotaryInput = false
INFO         | 	hw.gsmModem = true
INFO         | 	hw.gps = true
INFO         | 	hw.battery = true
INFO         | 	hw.accelerometer = true
INFO         | 	hw.accelerometer_uncalibrated = true
INFO         | 	hw.gyroscope = true
INFO         | 	hw.audioInput = true
INFO         | 	hw.audioOutput = true
INFO         | 	hw.sdCard = true
INFO         | 	disk.cachePartition = true
INFO         | 	disk.cachePartition.path = C:\Users\Function\.android\avd\..\avd\NanoKVMPro.avd\cache.img
INFO         | 	disk.cachePartition.size = 66m
INFO         | 	test.quitAfterBootTimeOut = -1
INFO         | 	test.delayAdbTillBootComplete = 0
INFO         | 	test.monitorAdb = 0
INFO         | 	hw.lcd.width = 1080
INFO         | 	hw.lcd.height = 2400
INFO         | 	hw.lcd.depth = 16
INFO         | 	hw.lcd.circular = false
INFO         | 	hw.lcd.density = 420
INFO         | 	hw.lcd.transparent = false
INFO         | 	hw.lcd.backlight = true
INFO         | 	hw.lcd.vsync = 60
INFO         | 	hw.gltransport = pipe
INFO         | 	hw.gltransport.asg.writeBufferSize = 1048576
INFO         | 	hw.gltransport.asg.writeStepSize = 4096
INFO         | 	hw.gltransport.asg.dataRingSize = 32768
INFO         | 	hw.gltransport.drawFlushInterval = 800
INFO         | 	hw.displayRegion.0.1.xOffset = -1
INFO         | 	hw.displayRegion.0.1.yOffset = -1
INFO         | 	hw.displayRegion.0.1.width = 0
INFO         | 	hw.displayRegion.0.1.height = 0
INFO         | 	hw.displayRegion.0.2.xOffset = -1
INFO         | 	hw.displayRegion.0.2.yOffset = -1
INFO         | 	hw.displayRegion.0.2.width = 0
INFO         | 	hw.displayRegion.0.2.height = 0
INFO         | 	hw.displayRegion.0.3.xOffset = -1
INFO         | 	hw.displayRegion.0.3.yOffset = -1
INFO         | 	hw.displayRegion.0.3.width = 0
INFO         | 	hw.displayRegion.0.3.height = 0
INFO         | 	hw.display1.width = 0
INFO         | 	hw.display1.height = 0
INFO         | 	hw.display1.density = 0
INFO         | 	hw.display1.xOffset = -1
INFO         | 	hw.display1.yOffset = -1
INFO         | 	hw.display1.flag = 0
INFO         | 	hw.display2.width = 0
INFO         | 	hw.display2.height = 0
INFO         | 	hw.display2.density = 0
INFO         | 	hw.display2.xOffset = -1
INFO         | 	hw.display2.yOffset = -1
INFO         | 	hw.display2.flag = 0
INFO         | 	hw.display3.width = 0
INFO         | 	hw.display3.height = 0
INFO         | 	hw.display3.density = 0
INFO         | 	hw.display3.xOffset = -1
INFO         | 	hw.display3.yOffset = -1
INFO         | 	hw.display3.flag = 0
INFO         | 	hw.multi_display_window = false
INFO         | 	hw.hotplug_multi_display = false
INFO         | 	hw.gpu.enabled = true
INFO         | 	hw.gpu.mode = host
INFO         | 	hw.initialOrientation = portrait
INFO         | 	hw.camera.back = emulated
INFO         | 	hw.camera.back.orientation = 90
INFO         | 	hw.camera.front = none
INFO         | 	hw.camera.front.orientation = 90
INFO         | 	vm.heapSize = 512
INFO         | 	hw.sensors.light = true
INFO         | 	hw.sensors.pressure = true
INFO         | 	hw.sensors.humidity = true
INFO         | 	hw.sensors.proximity = true
INFO         | 	hw.sensors.magnetic_field = true
INFO         | 	hw.sensors.magnetic_field_uncalibrated = true
INFO         | 	hw.sensors.gyroscope_uncalibrated = true
INFO         | 	hw.sensors.orientation = true
INFO         | 	hw.sensors.temperature = true
INFO         | 	hw.sensors.rgbclight = false
INFO         | 	hw.sensor.hinge = false
INFO         | 	hw.sensor.hinge.count = 0
INFO         | 	hw.sensor.hinge.type = 0
INFO         | 	hw.sensor.hinge.sub_type = 0
INFO         | 	hw.sensor.hinge.resizable.config = 1
INFO         | 	hw.sensor.hinge.fold_to_displayRegion.0.1_at_posture = 1
INFO         | 	hw.sensor.roll = false
INFO         | 	hw.sensor.roll.count = 0
INFO         | 	hw.sensor.roll.resize_to_displayRegion.0.1_at_posture = 6
INFO         | 	hw.sensor.roll.resize_to_displayRegion.0.2_at_posture = 6
INFO         | 	hw.sensor.roll.resize_to_displayRegion.0.3_at_posture = 6
INFO         | 	hw.sensors.heart_rate = false
INFO         | 	hw.sensors.wrist_tilt = false
INFO         | 	hw.sensors.heading = false
INFO         | 	hw.useext4 = true
INFO         | 	hw.arc = false
INFO         | 	hw.arc.autologin = false
INFO         | 	hw.device.name = pixel_6
INFO         | 	kernel.path = C:\Users\Function\AppData\Local\Android\Sdk\system-images\android-35\google_apis\x86_64\\kernel-ranchu
INFO         | 	kernel.newDeviceNaming = yes
INFO         | 	kernel.supportsYaffs2 = no
INFO         | 	disk.ramdisk.path = C:\Users\Function\AppData\Local\Android\Sdk\system-images\android-35\google_apis\x86_64\\ramdisk.img
INFO         | 	disk.systemPartition.initPath = C:\Users\Function\AppData\Local\Android\Sdk\system-images\android-35\google_apis\x86_64\\system.img
INFO         | 	disk.systemPartition.size = 3411m
INFO         | 	disk.vendorPartition.initPath = C:\Users\Function\AppData\Local\Android\Sdk\system-images\android-35\google_apis\x86_64\\vendor.img
INFO         | 	disk.vendorPartition.size = 800m
INFO         | 	disk.dataPartition.path = C:\Users\Function\.android\avd\..\avd\NanoKVMPro.avd\userdata-qemu.img
INFO         | 	disk.dataPartition.size = 6g
INFO         | 	disk.encryptionKeyPartition.path = C:\Users\Function\.android\avd\..\avd\NanoKVMPro.avd\encryptionkey.img
INFO         | 	PlayStore.enabled = false
INFO         | 	avd.name = NanoKVMPro
INFO         | 	avd.id = NanoKVMPro
INFO         | 	fastboot.forceColdBoot = false
INFO         | 	userdata.useQcow2 = true
INFO         | 	firstboot.bootFromDownloadableSnapshot = true
INFO         | 	firstboot.bootFromLocalSnapshot = true
INFO         | 	firstboot.saveToLocalSnapshot = true
INFO         | 	android.sdk.root = C:\Users\Function\AppData\Local\Android\Sdk
INFO         | 	android.avd.home = C:\Users\Function\.android\avd
INFO         | 	environment.width = 0
INFO         | 	environment.height = 0
INFO         | .
INFO         | QEMU options list:
INFO         | 	 argv[00] = "C:\Users\Function\AppData\Local\Android\Sdk\emulator\qemu\windows-x86_64\qemu-system-x86_64.exe"
INFO         | 	 argv[01] = "-dns-server"
INFO         | 	 argv[02] = "192.168.5.1"
INFO         | 	 argv[03] = "-mem-path"
INFO         | 	 argv[04] = "C:\Users\Function\.android\avd\NanoKVMPro.avd\snapshots\default_boot\ram.img"
INFO         | 	 argv[05] = "-serial"
INFO         | 	 argv[06] = "null"
INFO         | 	 argv[07] = "-device"
INFO         | 	 argv[08] = "goldfish_pstore,addr=0xff018000,size=0x10000,file=C:\Users\Function\.android\avd\..\avd\NanoKVMPro.avd\data\misc\pstore\pstore.bin"
INFO         | 	 argv[09] = "-cpu"
INFO         | 	 argv[10] = "android64"
INFO         | 	 argv[11] = "-enable-whpx"
INFO         | 	 argv[12] = "-smp"
INFO         | 	 argv[13] = "cores=4"
INFO         | 	 argv[14] = "-m"
INFO         | 	 argv[15] = "2048"
INFO         | 	 argv[16] = "-lcd-density"
INFO         | 	 argv[17] = "420"
INFO         | 	 argv[18] = "-nodefaults"
INFO         | 	 argv[19] = "-kernel"
INFO         | 	 argv[20] = "C:\Users\Function\AppData\Local\Android\Sdk\system-images\android-35\google_apis\x86_64\\kernel-ranchu"
INFO         | 	 argv[21] = "-initrd"
INFO         | 	 argv[22] = "C:\Users\Function\.android\avd\..\avd\NanoKVMPro.avd\initrd"
INFO         | 	 argv[23] = "-drive"
INFO         | 	 argv[24] = "if=none,index=0,id=system,if=none,file=C:\Users\Function\AppData\Local\Android\Sdk\system-images\android-35\google_apis\x86_64\\system.img,read-only"
INFO         | 	 argv[25] = "-device"
INFO         | 	 argv[26] = "virtio-blk-pci,drive=system,modern-pio-notify"
INFO         | 	 argv[27] = "-drive"
INFO         | 	 argv[28] = "if=none,index=1,id=cache,if=none,file=C:\Users\Function\.android\avd\..\avd\NanoKVMPro.avd\cache.img.qcow2,overlap-check=none,cache=unsafe,l2-cache-size=1048576"
INFO         | 	 argv[29] = "-device"
INFO         | 	 argv[30] = "virtio-blk-pci,drive=cache,modern-pio-notify"
INFO         | 	 argv[31] = "-drive"
INFO         | 	 argv[32] = "if=none,index=2,id=userdata,if=none,file=C:\Users\Function\.android\avd\..\avd\NanoKVMPro.avd\userdata-qemu.img.qcow2,overlap-check=none,cache=unsafe,l2-cache-size=1048576"
INFO         | 	 argv[33] = "-device"
INFO         | 	 argv[34] = "virtio-blk-pci,drive=userdata,modern-pio-notify"
INFO         | 	 argv[35] = "-drive"
INFO         | 	 argv[36] = "if=none,index=3,id=encrypt,if=none,file=C:\Users\Function\.android\avd\..\avd\NanoKVMPro.avd\encryptionkey.img.qcow2,overlap-check=none,cache=unsafe,l2-cache-size=1048576"
INFO         | 	 argv[37] = "-device"
INFO         | 	 argv[38] = "virtio-blk-pci,drive=encrypt,modern-pio-notify"
INFO         | 	 argv[39] = "-drive"
INFO         | 	 argv[40] = "if=none,index=4,id=vendor,if=none,file=C:\Users\Function\AppData\Local\Android\Sdk\system-images\android-35\google_apis\x86_64\\vendor.img,read-only"
INFO         | 	 argv[41] = "-device"
INFO         | 	 argv[42] = "virtio-blk-pci,drive=vendor,modern-pio-notify"
INFO         | 	 argv[43] = "-netdev"
INFO         | 	 argv[44] = "user,id=mynet"
INFO         | 	 argv[45] = "-device"
INFO         | 	 argv[46] = "virtio-net-pci,netdev=mynet"
INFO         | 	 argv[47] = "-chardev"
INFO         | 	 argv[48] = "null,id=forhvc0"
INFO         | 	 argv[49] = "-chardev"
INFO         | 	 argv[50] = "null,id=forhvc1"
INFO         | 	 argv[51] = "-device"
INFO         | 	 argv[52] = "virtio-serial-pci,ioeventfd=off"
INFO         | 	 argv[53] = "-device"
INFO         | 	 argv[54] = "virtconsole,chardev=forhvc0"
INFO         | 	 argv[55] = "-device"
INFO         | 	 argv[56] = "virtconsole,chardev=forhvc1"
INFO         | 	 argv[57] = "-chardev"
INFO         | 	 argv[58] = "netsim,id=bluetooth"
INFO         | 	 argv[59] = "-device"
INFO         | 	 argv[60] = "virtserialport,chardev=bluetooth,name=bluetooth"
INFO         | 	 argv[61] = "-device"
INFO         | 	 argv[62] = "virtio-serial,ioeventfd=off"
INFO         | 	 argv[63] = "-chardev"
INFO         | 	 argv[64] = "socket,port=52890,host=::1,nowait,nodelay,reconnect=10,ipv6,id=modem"
INFO         | 	 argv[65] = "-device"
INFO         | 	 argv[66] = "virtserialport,chardev=modem,name=modem"
INFO         | 	 argv[67] = "-device"
INFO         | 	 argv[68] = "virtio-rng-pci"
INFO         | 	 argv[69] = "-show-cursor"
INFO         | 	 argv[70] = "-device"
INFO         | 	 argv[71] = "virtio_input_multi_touch_pci_1"
INFO         | 	 argv[72] = "-device"
INFO         | 	 argv[73] = "virtio_input_multi_touch_pci_2"
INFO         | 	 argv[74] = "-device"
INFO         | 	 argv[75] = "virtio_input_multi_touch_pci_3"
INFO         | 	 argv[76] = "-device"
INFO         | 	 argv[77] = "virtio_input_multi_touch_pci_4"
INFO         | 	 argv[78] = "-device"
INFO         | 	 argv[79] = "virtio_input_multi_touch_pci_5"
INFO         | 	 argv[80] = "-device"
INFO         | 	 argv[81] = "virtio_input_multi_touch_pci_6"
INFO         | 	 argv[82] = "-device"
INFO         | 	 argv[83] = "virtio_input_multi_touch_pci_7"
INFO         | 	 argv[84] = "-device"
INFO         | 	 argv[85] = "virtio_input_multi_touch_pci_8"
INFO         | 	 argv[86] = "-device"
INFO         | 	 argv[87] = "virtio_input_multi_touch_pci_9"
INFO         | 	 argv[88] = "-device"
INFO         | 	 argv[89] = "virtio_input_multi_touch_pci_10"
INFO         | 	 argv[90] = "-device"
INFO         | 	 argv[91] = "virtio_input_multi_touch_pci_11"
INFO         | 	 argv[92] = "-netdev"
INFO         | 	 argv[93] = "user,id=virtio-wifi,dhcpstart=10.0.2.16"
INFO         | 	 argv[94] = "-device"
INFO         | 	 argv[95] = "virtio-wifi-pci,netdev=virtio-wifi"
INFO         | 	 argv[96] = "-device"
INFO         | 	 argv[97] = "virtio-vsock-pci,guest-cid=77"
INFO         | 	 argv[98] = "-L"
INFO         | 	 argv[99] = "C:\Users\Function\AppData\Local\Android\Sdk\emulator/lib/pc-bios"
INFO         | 	 argv[100] = "-soundhw"
INFO         | 	 argv[101] = "virtio-snd-pci"
INFO         | 	 argv[102] = "-vga"
INFO         | 	 argv[103] = "none"
INFO         | 	 argv[104] = "-append"
INFO         | 	 argv[105] = "8250.nr_uarts=1 clocksource=pit no_timer_check console=0 loop.max_part=7 ramoops.mem_address=0xff018000 ramoops.mem_size=0x10000 memmap=0x10000$0xff018000 printk.devkmsg=on bootconfig"
INFO         | 	 argv[106] = "-android-hw"
INFO         | 	 argv[107] = "C:\Users\Function\.android\avd\..\avd\NanoKVMPro.avd\hardware-qemu.ini"
INFO         | Concatenated QEMU options: C:\Users\Function\AppData\Local\Android\Sdk\emulator\qemu\windows-x86_64\qemu-system-x86_64.exe -dns-server 192.168.5.1 -mem-path C:\Users\Function\.android\avd\NanoKVMPro.avd\snapshots\default_boot\ram.img -serial null -device goldfish_pstore,addr=0xff018000,size=0x10000,file=C:\Users\Function\.android\avd\..\avd\NanoKVMPro.avd\data\misc\pstore\pstore.bin -cpu android64 -enable-whpx -smp cores=4 -m 2048 -lcd-density 420 -nodefaults -kernel C:\Users\Function\AppData\Local\Android\Sdk\system-images\android-35\google_apis\x86_64\\kernel-ranchu -initrd C:\Users\Function\.android\avd\..\avd\NanoKVMPro.avd\initrd -drive if=none,index=0,id=system,if=none,file=C:\Users\Function\AppData\Local\Android\Sdk\system-images\android-35\google_apis\x86_64\\system.img,read-only -device virtio-blk-pci,drive=system,modern-pio-notify -drive if=none,index=1,id=cache,if=none,file=C:\Users\Function\.android\avd\..\avd\NanoKVMPro.avd\cache.img.qcow2,overlap-check=none,cache=unsafe,l2-cache-size=1048576 -device virtio-blk-pci,drive=cache,modern-pio-notify -drive if=none,index=2,id=userdata,if=none,file=C:\Users\Function\.android\avd\..\avd\NanoKVMPro.avd\userdata-qemu.img.qcow2,overlap-check=none,cache=unsafe,l2-cache-size=1048576 -device virtio-blk-pci,drive=userdata,modern-pio-notify -drive if=none,index=3,id=encrypt,if=none,file=C:\Users\Function\.android\avd\..\avd\NanoKVMPro.avd\encryptionkey.img.qcow2,overlap-check=none,cache=unsafe,l2-cache-size=1048576 -device virtio-blk-pci,drive=encrypt,modern-pio-notify -drive if=none,index=4,id=vendor,if=none,file=C:\Users\Function\AppData\Local\Android\Sdk\system-images\android-35\google_apis\x86_64\\vendor.img,read-only -device virtio-blk-pci,drive=vendor,modern-pio-notify -netdev user,id=mynet -device virtio-net-pci,netdev=mynet -chardev null,id=forhvc0 -chardev null,id=forhvc1 -device virtio-serial-pci,ioeventfd=off -device virtconsole,chardev=forhvc0 -device virtconsole,chardev=forhvc1 -chardev netsim,id=bluetooth -device virtserialport,chardev=bluetooth,name=bluetooth -device virtio-serial,ioeventfd=off -chardev socket,port=52890,host=::1,nowait,nodelay,reconnect=10,ipv6,id=modem -device virtserialport,chardev=modem,name=modem -device virtio-rng-pci -show-cursor -device virtio_input_multi_touch_pci_1 -device virtio_input_multi_touch_pci_2 -device virtio_input_multi_touch_pci_3 -device virtio_input_multi_touch_pci_4 -device virtio_input_multi_touch_pci_5 -device virtio_input_multi_touch_pci_6 -device virtio_input_multi_touch_pci_7 -device virtio_input_multi_touch_pci_8 -device virtio_input_multi_touch_pci_9 -device virtio_input_multi_touch_pci_10 -device virtio_input_multi_touch_pci_11 -netdev user,id=virtio-wifi,dhcpstart=10.0.2.16 -device virtio-wifi-pci,netdev=virtio-wifi -device virtio-vsock-pci,guest-cid=77 -L C:\Users\Function\AppData\Local\Android\Sdk\emulator/lib/pc-bios -soundhw virtio-snd-pci -vga none -append "8250.nr_uarts=1 clocksource=pit no_timer_check console=0 loop.max_part=7 ramoops.mem_address=0xff018000 ramoops.mem_size=0x10000 memmap=0x10000$0xff018000 printk.devkmsg=on bootconfig" -android-hw C:\Users\Function\.android\avd\..\avd\NanoKVMPro.avd\hardware-qemu.ini
DEBUG   | Android qemu version 36.5.11.0 (build_id 15261927) (CL:N/A)
DEBUG   | Starting QEMU main loop
DEBUG   | android_fopen: Failed to open /qemu.conf, err: 2
DEBUG   | registered 'boot-properties' qemud service
DEBUG   | Adding boot property: 'ro.opengles.version' = '196609'
DEBUG   | Adding boot property: 'qemu.sf.fake_camera' = 'back'
DEBUG   | Adding boot property: 'dalvik.vm.heapsize' = '512m'
DEBUG   | Adding boot property: 'qemu.hw.mainkeys' = '0'
DEBUG   | Adding boot property: 'qemu.sf.lcd_density' = '420'
WHPX on Windows 10.0.26200 detected.
Windows Hypervisor Platform accelerator is operational
DEBUG   | control console listening on port 5554, ADB on port 5555
DEBUG   | goldfish_events.have-dpad: false
DEBUG   | goldfish_events.have-trackball: false
DEBUG   | goldfish_events.have-camera: true
DEBUG   | goldfish_events.have-keyboard: false
DEBUG   | goldfish_events.have-lidswitch: true
DEBUG   | goldfish_events.have-tabletmode: false
DEBUG   | goldfish_events.have-touch: false
DEBUG   | goldfish_events.have-multitouch: false
DEBUG   | Adding boot property: 'net.wifi_mac_prefix' = '5554'
INFO         | Monitoring duration of emulator setup.
DEBUG   | Adding boot property: 'qemu.timezone' = 'Unknown/Unknown'
DEBUG   | android_hw_fingerprint_init: fingerprint qemud listen service initialized
WARNING      | The emulator now requires a signed jwt token for gRPC access! Use the -grpc flag if you really want an open unprotected grpc port
INFO         | Using security allow list from: C:\Users\Function\AppData\Local\Android\Sdk\emulator\lib\emulator_access.json
WARNING      | *** Basic token auth should only be used by android-studio ***
INFO         | The active JSON Web Key Sets can be found here: C:\Users\Function\AppData\Local\Temp\avd\running\74836\jwks\41a8e214-28f6-45b4-a983-22cb52e2b978\active.jwk
INFO         | Scanning C:\Users\Function\AppData\Local\Temp\avd\running\74836\jwks\41a8e214-28f6-45b4-a983-22cb52e2b978 for jwk keys.
INFO         | Started GRPC server at 127.0.0.1:8554, security: Local, auth: +token
INFO         | Advertising in: C:\Users\Function\AppData\Local\Temp\avd\running\pid_74836.ini
netsimd I 09-04 13:15:38.105 external/netsim+/rust/daemon/src\rust_main.rs:100 - netsim artifacts path: "C:\\Users\\Function\\AppData\\Local\\Temp\\netsimd"
netsimd I 09-04 13:15:38.106 external/netsim+/rust/daemon/src\rust_main.rs:103 - NetsimdArgs {
    fd_startup_str: None,
    no_cli_ui: true,
    no_web_ui: true,
    pcap: false,
    disable_address_reuse: false,
    hci_port: None,
    connector_instance: None,
    instance: None,
    logtostderr: false,
    dev: false,
    forward_host_mdns: false,
    vsock: None,
    config: None,
    host_dns: Some(
        "192.168.5.1",
    ),
    http_proxy: None,
    wifi_tap: None,
    wifi: None,
    test_beacons: false,
    no_test_beacons: false,
    no_shutdown: false,
    verbose: false,
    version: false,
    debug: DebugArgs {
        debug_no_traffic: false,
        debug_no_network: false,
        debug_no_wmedium: false,
        debug_no_mdns_wmedium: false,
        debug_no_guest_to_host_mdns: false,
    },
    rssi: None,
}
INFO         | Successfully initialized netsim WiFi
INFO         | Activated packet streamer for bluetooth emulation
DEBUG   | emulator_window_fb_rotate
DEBUG   | CMD_SET_DISPLAY_CONFIGS
INFO         | Setting display: 0 configuration to: 1080x2400, dpi: 420x420 
DEBUG   | CMD_SET_DISPLAY_ACTIVE_CONFIG
DEBUG   | setDisplayPose 0 x 0 y 0 w 1080 h 2400 dpi 0
INFO         | setDisplayActiveConfig: id:0, 1080x2400
DEBUG   | emulatorSetupEnvironment: cameraBack:emulated cameraFront:none
INFO         | emulatorSetupEnvironment: Setting up screen background view and display layout at env:1080x2400, lcd:1080x2400
INFO         | emulatorSetupEnvironment: Environment scene is not required
DEBUG   | Adjusting window size by 0.38x for hw_lcd_density
DEBUG   | adisplay_init: Creating skin display surface 1080x2400
DEBUG   | Path:C:\Users\Function\AppData\Local\Android\Sdk\platform-tools\adb.exe protocol version: 41
DEBUG   | Path:C:\Users\Function\AppData\Local\Android\Sdk\platform-tools\adb.exe protocol version: 41
DEBUG   | Found: 2 adb executables
DEBUG   | Adb: C:\Users\Function\AppData\Local\Android\Sdk\platform-tools\adb.exe
DEBUG   | Adb: C:\Users\Function\AppData\Local\Android\Sdk\platform-tools\adb.exe
DEBUG   | Path:C:\Users\Function\AppData\Local\Android\Sdk\platform-tools\adb.exe protocol version: 41
DEBUG   | Path:C:\Users\Function\AppData\Local\Android\Sdk\platform-tools\adb.exe protocol version: 41
INFO         | Checking system compatibility:
INFO         |   Checking: hasCompatibleHypervisor
INFO         |      Ok: Hypervisor compatibility to run avd: `NanoKVMPro` are met
INFO         |   Checking: hasSufficientSystem
INFO         |      Ok: System requirements to run avd: `NanoKVMPro` are met
INFO         |   Checking: hasSufficientHwGpu
INFO         |      Ok: Hardware GPU requirements to run avd: `NanoKVMPro` are passed
INFO         |   Checking: hasSufficientDiskSpace
INFO         |      Ok: Disk space requirements to run avd: `NanoKVMPro` are met
DEBUG   | Sending CMD_REPAINT to reposting thread
DEBUG  DEBUG   |  | Reposting thread dequeueing a CMD_REPAINT
Sending CMD_REPAINT to reposting thread
DEBUG  DEBUG   |  | Reposting framebuffer.
Sending CMD_REPAINT to reposting thread
DEBUG   | No repost: no last posted color buffer
DEBUG   | Reposting thread dequeueing a CMD_REPAINT
DEBUG   | Reposting framebuffer.
DEBUG   | No repost: no last posted color buffer
DEBUG   | Reposting thread dequeueing a CMD_REPAINT
DEBUG   | Reposting framebuffer.
DEBUG   | No repost: no last posted color buffer
DEBUG   | Begin setupSubWindow
DEBUG   | Exit setupSubWindow (successful setup)
DEBUG   | config multidisplay with config.ini 0x0 0x0 0x0
DEBUG   | No acpi ini file provided, using default
DEBUG   | added one RIL client
DEBUG   | Crash info: hw.gpu.enabled=no
DEBUG   | Crash info: hw.cpu.ncore=4
DEBUG   | Crash info: avd_space=140719737444528
DEBUG   | Crash info: disk.dataPartition.size=6442450944
DEBUG   | Crash info: hw.sensor.hinge=no
DEBUG   | Crash info: hw.gpu.mode=auto
DEBUG   | Crash info: hw.lcd.height=2400
DEBUG   | Crash info: hw.ramSize=1536M
DEBUG   | Crash info: hw.lcd.width=1080
DEBUG   | Crash info: PlayStore.enabled=no
DEBUG   | Crash info: cpu_cores=16
DEBUG   | Crash info: free_ram=7177
DEBUG   | Crash info: ro.build.fingerprint=google/sdk_gphone64_x86_64/emu64xa:15/AE3A.240806.043/12960925:userdebug/dev-keys
DEBUG   | Crash info: sessionId=7ba3db0f-66e6-4025-a758-fd1fd0bab85f
USER_INFO    | Emulator is performing a full startup. This may take upto two minutes, or more.
WARNING      | Failed to process .ini file C:\Users\Function\.android\emu-update-last-check.ini for reading.
INFO         | GPU Vendor=[Google (NVIDIA Corporation)]
INFO         | GPU Renderer=[Android Emulator OpenGL ES Translator (NVIDIA GeForce RTX 4060/PCIe/SSE2)]
INFO         | GPU Version=[OpenGL ES 3.0 (4.5.0 NVIDIA 616.56)]
DEBUG   | Using the same userId as Android Studio for metrics. id=ad9fee2e-8cf2-4cf7-b14a-456ce92cb2d6
DEBUG   | Begin setupSubWindow
DEBUG   | Exit setupSubWindow (nothing to do)
DEBUG   | call repost from subWindowRepaint callback
DEBUG   | Reposting framebuffer.
DEBUG   | No repost: no last posted color buffer
INFO         | Warning: QMetaObject::connectSlotsByName: No matching signal for on_rgbcSensorValueWidget_valueChanged() (:0, )
INFO         | Warning: QMetaObject::connectSlotsByName: No matching signal for on_posture_valueChanged(int) (:0, )
INFO         | Warning: QObject::connect: Cannot queue arguments of type 'std::vector<android::emulation::control::SnapshotInfo>'
(Make sure 'std::vector<android::emulation::control::SnapshotInfo>' is registered using qRegisterMetaType().) (:0, )
INFO         | AVD supportsNativeGLES=1, supportsGuestAngle=1
INFO         | Warning: QObject::connect: No such signal ToolWindow::microphoneEnabledChanged() in C:/buildbot/src/googleplex-android/emu-36-5-release/external/qemu/android/android-ui/modules/aemu-ui-qt/src/android/skin/qt/extended-window.cpp:160 (:0, )
INFO         | Warning: QObject::connect:  (sender name:   'ToolControls') (:0, )
INFO         | Warning: QObject::connect:  (receiver name: 'microphonePage') (:0, )
INFO         | Warning: QObject::connect: No such signal MicrophonePage::microphoneEnabledChanged() in C:/buildbot/src/googleplex-android/emu-36-5-release/external/qemu/android/android-ui/modules/aemu-ui-qt/src/android/skin/qt/extended-window.cpp:162 (:0, )
INFO         | Warning: QObject::connect:  (sender name:   'microphonePage') (:0, )
INFO         | Warning: QObject::connect:  (receiver name: 'ToolControls') (:0, )
INFO         | Created extended window in 724.508ms
DEBUG   | call repost from subWindowRepaint callback
DEBUG   | Reposting framebuffer.
DEBUG   | No repost: no last posted color buffer
DEBUG   | Begin setupSubWindow
DEBUG   | Exit setupSubWindow (successful setup)
DEBUG   | Sending CMD_REPAINT to reposting thread
DEBUG   | Reposting thread dequeueing a CMD_REPAINT
DEBUG   | Reposting framebuffer.
DEBUG   | No repost: no last posted color buffer
DEBUG   | call repost from subWindowRepaint callback
DEBUG   | Reposting framebuffer.
DEBUG   | No repost: no last posted color buffer
DEBUG   | Begin setupSubWindow
DEBUG   | Exit setupSubWindow (successful setup)
DEBUG   | call repost from subWindowRepaint callback
DEBUG   | Reposting framebuffer.
DEBUG   | No repost: no last posted color buffer
DEBUG   | Begin setupSubWindow
DEBUG   | Exit setupSubWindow (successful setup)
DEBUG   | call repost from subWindowRepaint callback
DEBUG   | Reposting framebuffer.
DEBUG   | No repost: no last posted color buffer
DEBUG   | Begin setupSubWindow
WARNING      | Failed to process .ini file C:\Users\Function\.android\emu-update-last-check.ini for reading.
DEBUG   | No acpi ini file provided, using default
DEBUG   | Exit setupSubWindow (successful setup)
DEBUG   | Begin setupSubWindow
DEBUG   | Exit setupSubWindow (nothing to do)
DEBUG   | call repost from subWindowRepaint callback
DEBUG   | Reposting framebuffer.
DEBUG   | No repost: no last posted color buffer
DEBUG   | Sending CMD_REPAINT to reposting thread
DEBUG   | Reposting thread dequeueing a CMD_REPAINT
DEBUG   | Reposting framebuffer.
DEBUG   | No repost: no last posted color buffer
DEBUG   | Begin setupSubWindow
DEBUG   | Exit setupSubWindow (nothing to do)
DEBUG   | Begin setupSubWindow
DEBUG   | Exit setupSubWindow (nothing to do)
DEBUG   | Started new RenderThread (total 1) @00000212FFC2FB20
DEBUG   | Started new RenderThread (total 2) @00000212FFC2FCE0
INFO         | Critical: UpdateLayeredWindowIndirect failed for ptDst=(194, 163), size=(375x26), dirty=(375x26 0, 0) (连到系统上的设备没有发挥作用。) (:0, )
DEBUG   | ColorBuffer 3, 1x1, VK_FORMAT_R8G8B8A8_UNORM, Memory [size: 512, type: 1, props: 1 / 1]
VERBOSE | glReadPixels seems OK for tex(internal:0x8058 fmt:0x1908 type:0x1401) read(fmt:0x1908 type:0x1401).
DEBUG   | Started new RenderThread (total 3) @00000212FFC2FF80
DEBUG   | Started new RenderThread (total 4) @00000213018F3FE0
DEBUG   | setDisplayPose 0 x -1 y -1 w 1080 h 2400 dpi 420
DEBUG   | ColorBuffer 4, 1080x2400, VK_FORMAT_R8G8B8A8_UNORM, Memory [size: 10584064, type: 1, props: 1 / 1]
DEBUG   | ColorBuffer 5, 1080x2400, VK_FORMAT_R8G8B8A8_UNORM, Memory [size: 10584064, type: 1, props: 1 / 1]
DEBUG   | ColorBuffer 6, 1080x2400, VK_FORMAT_R8G8B8A8_UNORM, Memory [size: 10584064, type: 1, props: 1 / 1]
DEBUG   | Started new RenderThread (total 5) @00000213018F4280
DEBUG   | ColorBuffer 7, 1080x2400, VK_FORMAT_R8G8B8A8_UNORM, Memory [size: 10584064, type: 1, props: 1 / 1]
DEBUG   | ColorBuffer 8, 1080x2400, VK_FORMAT_R8G8B8A8_UNORM, Memory [size: 10584064, type: 1, props: 1 / 1]
DEBUG   | ColorBuffer 9, 128x128, VK_FORMAT_R8G8B8A8_UNORM, Memory [size: 65536, type: 1, props: 1 / 1]
DEBUG   | ColorBuffer 10, 128x128, VK_FORMAT_R8G8B8A8_UNORM, Memory [size: 65536, type: 1, props: 1 / 1]
DEBUG   | ColorBuffer 11, 128x128, VK_FORMAT_R8G8B8A8_UNORM, Memory [size: 65536, type: 1, props: 1 / 1]
DEBUG   | ColorBuffer 12, 128x128, VK_FORMAT_R16G16B16A16_SFLOAT, Memory [size: 131072, type: 1, props: 1 / 1]
VERBOSE | glReadPixels seems OK for tex(internal:0x881a fmt:0x1908 type:0x140b) read(fmt:0x1908 type:0x140b).
DEBUG   | _hwFingerprint_connect: connect finger print listen is called
DEBUG   | got message from guest system fingerprint HAL
DEBUG   | Started new RenderThread (total 6) @00000213018F4C20
DEBUG   | Started new RenderThread (total 7) @00000213018F4DE0
DEBUG   | ColorBuffer 15, 1x1, VK_FORMAT_R8G8B8A8_UNORM, Memory [size: 512, type: 1, props: 1 / 1]
DEBUG   | Started new RenderThread (total 8) @00000213018F46E0
DEBUG   | ColorBuffer 16, 1080x2400, VK_FORMAT_R8G8B8A8_UNORM, Memory [size: 10584064, type: 1, props: 1 / 1]
DEBUG   | ColorBuffer 18, 1080x2400, VK_FORMAT_R8G8B8A8_UNORM, Memory [size: 10584064, type: 1, props: 1 / 1]
DEBUG   | ColorBuffer 19, 1080x2400, VK_FORMAT_R8G8B8A8_UNORM, Memory [size: 10584064, type: 1, props: 1 / 1]
DEBUG   | Started new RenderThread (total 9) @000002130192CE50
DEBUG   | ColorBuffer 24, 1x1, VK_FORMAT_R8G8B8A8_UNORM, Memory [size: 512, type: 1, props: 1 / 1]
DEBUG   | Started new RenderThread (total 10) @000002130192DEF0
DEBUG   | ColorBuffer 25, 922x1024, VK_FORMAT_R8G8B8A8_UNORM, Memory [size: 3801088, type: 1, props: 1 / 1]
DEBUG   | ColorBuffer 27, 922x1024, VK_FORMAT_R8G8B8A8_UNORM, Memory [size: 3801088, type: 1, props: 1 / 1]
DEBUG   | ColorBuffer 28, 1080x2400, VK_FORMAT_R8G8B8A8_UNORM, Memory [size: 10584064, type: 1, props: 1 / 1]
DEBUG   | ColorBuffer 30, 1080x2400, VK_FORMAT_R8G8B8A8_UNORM, Memory [size: 10584064, type: 1, props: 1 / 1]
DEBUG   | ColorBuffer 31, 1080x2400, VK_FORMAT_R8G8B8A8_UNORM, Memory [size: 10584064, type: 1, props: 1 / 1]
DEBUG   | ColorBuffer 32, 1080x63, VK_FORMAT_R8G8B8A8_UNORM, Memory [size: 278528, type: 1, props: 1 / 1]
DEBUG   | ColorBuffer 34, 1080x63, VK_FORMAT_R8G8B8A8_UNORM, Memory [size: 278528, type: 1, props: 1 / 1]
DEBUG   | ColorBuffer 35, 1080x63, VK_FORMAT_R8G8B8A8_UNORM, Memory [size: 278528, type: 1, props: 1 / 1]
INFO         | Boot completed in 33115 ms
INFO         | Increasing screen off timeout, logcat buffer size to 2M.
DEBUG   | Enable overlay packages with name ending in pixel_6
DEBUG   | Started new RenderThread (total 11) @0000021301613DC0
DEBUG   | ColorBuffer 38, 1x1, VK_FORMAT_R8G8B8A8_UNORM, Memory [size: 512, type: 1, props: 1 / 1]
DEBUG   | Started new RenderThread (total 12) @0000021301613EA0
DEBUG   | ColorBuffer 39, 48x48, VK_FORMAT_R8G8B8A8_UNORM, Memory [size: 12288, type: 1, props: 1 / 1]
DEBUG   | ColorBuffer 41, 48x48, VK_FORMAT_R8G8B8A8_UNORM, Memory [size: 12288, type: 1, props: 1 / 1]
DEBUG   | ColorBuffer 42, 42x42, VK_FORMAT_R8G8B8A8_UNORM, Memory [size: 12288, type: 1, props: 1 / 1]
DEBUG   | ColorBuffer 44, 42x42, VK_FORMAT_R8G8B8A8_UNORM, Memory [size: 12288, type: 1, props: 1 / 1]
DEBUG   | ColorBuffer 45, 2x2, VK_FORMAT_R8G8B8A8_UNORM, Memory [size: 512, type: 1, props: 1 / 1]
DEBUG   | ColorBuffer 47, 2x2, VK_FORMAT_R8G8B8A8_UNORM, Memory [size: 512, type: 1, props: 1 / 1]
DEBUG   | ColorBuffer 48, 1x1, VK_FORMAT_R8G8B8A8_UNORM, Memory [size: 512, type: 1, props: 1 / 1]
DEBUG   | ColorBuffer 50, 1x1, VK_FORMAT_R8G8B8A8_UNORM, Memory [size: 512, type: 1, props: 1 / 1]
DEBUG   | ColorBuffer 51, 173x173, VK_FORMAT_R8G8B8A8_UNORM, Memory [size: 180224, type: 1, props: 1 / 1]
DEBUG   | ColorBuffer 53, 173x173, VK_FORMAT_R8G8B8A8_UNORM, Memory [size: 180224, type: 1, props: 1 / 1]
DEBUG   | ColorBuffer 54, 1080x2400, VK_FORMAT_R8G8B8A8_UNORM, Memory [size: 10584064, type: 1, props: 1 / 1]
DEBUG   | Started new RenderThread (total 13) @00000211E99C5B80
DEBUG   | ColorBuffer 55, 1080x252, VK_FORMAT_R8G8B8A8_UNORM, Memory [size: 1114112, type: 1, props: 1 / 1]
DEBUG   | ColorBuffer 57, 1080x252, VK_FORMAT_R8G8B8A8_UNORM, Memory [size: 1114112, type: 1, props: 1 / 1]
DEBUG   | ColorBuffer 58, 1080x252, VK_FORMAT_R8G8B8A8_UNORM, Memory [size: 1114112, type: 1, props: 1 / 1]
DEBUG   | ColorBuffer 59, 284x10, VK_FORMAT_R8G8B8A8_UNORM, Memory [size: 18432, type: 1, props: 1 / 1]
DEBUG   | ColorBuffer 60, 2x2, VK_FORMAT_R8G8B8A8_UNORM, Memory [size: 512, type: 1, props: 1 / 1]
DEBUG   | ColorBuffer 62, 2x2, VK_FORMAT_R8G8B8A8_UNORM, Memory [size: 512, type: 1, props: 1 / 1]
DEBUG   | Started new RenderThread (total 14) @00000213018F48A0
DEBUG   | ColorBuffer 65, 1x1, VK_FORMAT_R8G8B8A8_UNORM, Memory [size: 512, type: 1, props: 1 / 1]
VERBOSE | glReadPixels seems OK for tex(internal:0x8051 fmt:0x1907 type:0x1401) read(fmt:0x1907 type:0x1401).
DEBUG   | ColorBuffer 66, 1x1, VK_FORMAT_R8G8B8A8_UNORM, Memory [size: 512, type: 1, props: 1 / 1]
DEBUG   | ColorBuffer 68, 2x2, VK_FORMAT_R8G8B8A8_UNORM, Memory [size: 512, type: 1, props: 1 / 1]
DEBUG   | ColorBuffer 69, 1x1, VK_FORMAT_R8G8B8A8_UNORM, Memory [size: 512, type: 1, props: 1 / 1]
DEBUG   | ColorBuffer 71, 2x2, VK_FORMAT_R8G8B8A8_UNORM, Memory [size: 512, type: 1, props: 1 / 1]
DEBUG   | ColorBuffer 72, 173x173, VK_FORMAT_R8G8B8A8_UNORM, Memory [size: 180224, type: 1, props: 1 / 1]
DEBUG   | ColorBuffer 74, 173x173, VK_FORMAT_R8G8B8A8_UNORM, Memory [size: 180224, type: 1, props: 1 / 1]
DEBUG   | pattern string for overlay package = com.[^[]+.pixel_6
DEBUG   | overlay package=com.android.internal.emulation.pixel_6
DEBUG   | overlay package=com.android.internal.emulation.pixel_6
DEBUG   | overlay package=com.android.internal.emulation.pixel_6
DEBUG   | overlay package=com.android.systemui.emulation.pixel_6
DEBUG   | overlay package=com.android.systemui.emulation.pixel_6
DEBUG   | overlay package=com.android.systemui.emulation.pixel_6
DEBUG   | ColorBuffer 75, 1080x63, VK_FORMAT_R8G8B8A8_UNORM, Memory [size: 278528, type: 1, props: 1 / 1]
DEBUG   | ColorBuffer 77, 1080x63, VK_FORMAT_R8G8B8A8_UNORM, Memory [size: 278528, type: 1, props: 1 / 1]
DEBUG   | ColorBuffer 78, 1080x2400, VK_FORMAT_R8G8B8A8_UNORM, Memory [size: 10584064, type: 1, props: 1 / 1]
DEBUG   | ColorBuffer 80, 1080x2400, VK_FORMAT_R8G8B8A8_UNORM, Memory [size: 10584064, type: 1, props: 1 / 1]
DEBUG   | ColorBuffer 81, 1080x2400, VK_FORMAT_R8G8B8A8_UNORM, Memory [size: 10584064, type: 1, props: 1 / 1]
DEBUG   | ColorBuffer 82, 1080x63, VK_FORMAT_R8G8B8A8_UNORM, Memory [size: 278528, type: 1, props: 1 / 1]
INFO         | Critical: UpdateLayeredWindowIndirect failed for ptDst=(194, 163), size=(375x26), dirty=(375x26 0, 0) (连到系统上的设备没有发挥作用。) (:0, )
DEBUG   | call repost from subWindowRepaint callback
DEBUG   | Reposting framebuffer.
DEBUG   | Has last posted colorbuffer and is initialized; post.
DEBUG   | call repost from subWindowRepaint callback
DEBUG   | Reposting framebuffer.
DEBUG   | Has last posted colorbuffer and is initialized; post.
DEBUG   | call repost from subWindowRepaint callback
DEBUG   | Reposting framebuffer.
DEBUG   | Has last posted colorbuffer and is initialized; post.
DEBUG   | call repost from subWindowRepaint callback
DEBUG   | Reposting framebuffer.
DEBUG   | Has last posted colorbuffer and is initialized; post.
DEBUG   | call repost from subWindowRepaint callback
DEBUG   | Reposting framebuffer.
DEBUG   | Has last posted colorbuffer and is initialized; post.
DEBUG   | call repost from subWindowRepaint callback
DEBUG   | Reposting framebuffer.
DEBUG   | Has last posted colorbuffer and is initialized; post.
DEBUG   | call repost from subWindowRepaint callback
DEBUG   | Reposting framebuffer.
DEBUG   | Has last posted colorbuffer and is initialized; post.
DEBUG   | call repost from subWindowRepaint callback
DEBUG   | Reposting framebuffer.
DEBUG   | Has last posted colorbuffer and is initialized; post.
DEBUG   | call repost from subWindowRepaint callback
DEBUG   | Reposting framebuffer.
DEBUG   | Has last posted colorbuffer and is initialized; post.
DEBUG   | call repost from subWindowRepaint callback
DEBUG   | Reposting framebuffer.
DEBUG   | Has last posted colorbuffer and is initialized; post.
DEBUG   | call repost from subWindowRepaint callback
DEBUG   | Reposting framebuffer.
DEBUG   | Has last posted colorbuffer and is initialized; post.
DEBUG   | call repost from subWindowRepaint callback
DEBUG   | Reposting framebuffer.
DEBUG   | Has last posted colorbuffer and is initialized; post.
DEBUG   | call repost from subWindowRepaint callback
DEBUG   | Reposting framebuffer.
DEBUG   | Has last posted colorbuffer and is initialized; post.
DEBUG   | call repost from subWindowRepaint callback
DEBUG   | Reposting framebuffer.
DEBUG   | Has last posted colorbuffer and is initialized; post.
DEBUG   | call repost from subWindowRepaint callback
DEBUG   | Reposting framebuffer.
DEBUG   | Has last posted colorbuffer and is initialized; post.
DEBUG   | call repost from subWindowRepaint callback
DEBUG   | Reposting framebuffer.
DEBUG   | Has last posted colorbuffer and is initialized; post.
DEBUG   | call repost from subWindowRepaint callback
DEBUG   | Reposting framebuffer.
DEBUG   | Has last posted colorbuffer and is initialized; post.
DEBUG   | call repost from subWindowRepaint callback
DEBUG   | Reposting framebuffer.
DEBUG   | Has last posted colorbuffer and is initialized; post.
DEBUG   | call repost from subWindowRepaint callback
DEBUG   | Reposting framebuffer.
DEBUG   | Has last posted colorbuffer and is initialized; post.
DEBUG   | call repost from subWindowRepaint callback
DEBUG   | Reposting framebuffer.
DEBUG   | Has last posted colorbuffer and is initialized; post.
DEBUG   | call repost from subWindowRepaint callback
DEBUG   | Reposting framebuffer.
DEBUG   | Has last posted colorbuffer and is initialized; post.
DEBUG   | call repost from subWindowRepaint callback
DEBUG   | Reposting framebuffer.
DEBUG   | Has last posted colorbuffer and is initialized; post.
DEBUG   | call repost from subWindowRepaint callback
DEBUG   | Reposting framebuffer.
DEBUG   | Has last posted colorbuffer and is initialized; post.
DEBUG   | call repost from subWindowRepaint callback
DEBUG   | Reposting framebuffer.
DEBUG   | Has last posted colorbuffer and is initialized; post.
DEBUG   | call repost from subWindowRepaint callback
DEBUG   | Reposting framebuffer.
DEBUG   | Has last posted colorbuffer and is initialized; post.
DEBUG   | call repost from subWindowRepaint callback
DEBUG   | Reposting framebuffer.
DEBUG   | Has last posted colorbuffer and is initialized; post.
DEBUG   | call repost from subWindowRepaint callback
DEBUG   | Reposting framebuffer.
DEBUG   | Has last posted colorbuffer and is initialized; post.
DEBUG   | call repost from subWindowRepaint callback
DEBUG   | Reposting framebuffer.
DEBUG   | Has last posted colorbuffer and is initialized; post.
DEBUG   | call repost from subWindowRepaint callback
DEBUG   | Reposting framebuffer.
DEBUG   | Has last posted colorbuffer and is initialized; post.
DEBUG   | call repost from subWindowRepaint callback
DEBUG   | Reposting framebuffer.
DEBUG   | Has last posted colorbuffer and is initialized; post.
DEBUG   | call repost from subWindowRepaint callback
DEBUG   | Reposting framebuffer.
DEBUG   | Has last posted colorbuffer and is initialized; post.
DEBUG   | call repost from subWindowRepaint callback
DEBUG   | Reposting framebuffer.
DEBUG   | Has last posted colorbuffer and is initialized; post.
DEBUG   | call repost from subWindowRepaint callback
DEBUG   | Reposting framebuffer.
DEBUG   | Has last posted colorbuffer and is initialized; post.
DEBUG   | call repost from subWindowRepaint callback
DEBUG   | Reposting framebuffer.
DEBUG   | Has last posted colorbuffer and is initialized; post.
DEBUG   | call repost from subWindowRepaint callback
DEBUG   | Reposting framebuffer.
DEBUG   | Has last posted colorbuffer and is initialized; post.
DEBUG   | call repost from subWindowRepaint callback
DEBUG   | Reposting framebuffer.
DEBUG   | Has last posted colorbuffer and is initialized; post.
DEBUG   | call repost from subWindowRepaint callback
DEBUG   | Reposting framebuffer.
DEBUG   | Has last posted colorbuffer and is initialized; post.
DEBUG   | call repost from subWindowRepaint callback
DEBUG   | Reposting framebuffer.
DEBUG   | Has last posted colorbuffer and is initialized; post.
DEBUG   | call repost from subWindowRepaint callback
DEBUG   | Reposting framebuffer.
DEBUG   | Has last posted colorbuffer and is initialized; post.
DEBUG   | call repost from subWindowRepaint callback
DEBUG   | Reposting framebuffer.
DEBUG   | Has last posted colorbuffer and is initialized; post.
DEBUG   | call repost from subWindowRepaint callback
DEBUG   | Reposting framebuffer.
DEBUG   | Has last posted colorbuffer and is initialized; post.
DEBUG   | call repost from subWindowRepaint callback
DEBUG   | Reposting framebuffer.
DEBUG   | Has last posted colorbuffer and is initialized; post.
DEBUG   | call repost from subWindowRepaint callback
DEBUG   | Reposting framebuffer.
DEBUG   | Has last posted colorbuffer and is initialized; post.
DEBUG   | call repost from subWindowRepaint callback
DEBUG   | Reposting framebuffer.
DEBUG   | Has last posted colorbuffer and is initialized; post.
DEBUG   | call repost from subWindowRepaint callback
DEBUG   | Reposting framebuffer.
DEBUG   | Has last posted colorbuffer and is initialized; post.
DEBUG   | call repost from subWindowRepaint callback
DEBUG   | Reposting framebuffer.
DEBUG   | Has last posted colorbuffer and is initialized; post.
DEBUG   | call repost from subWindowRepaint callback
DEBUG   | Reposting framebuffer.
DEBUG   | Has last posted colorbuffer and is initialized; post.
DEBUG   | call repost from subWindowRepaint callback
DEBUG   | Reposting framebuffer.
DEBUG   | Has last posted colorbuffer and is initialized; post.
DEBUG   | call repost from subWindowRepaint callback
DEBUG   | Reposting framebuffer.
DEBUG   | Has last posted colorbuffer and is initialized; post.
DEBUG   | call repost from subWindowRepaint callback
DEBUG   | Reposting framebuffer.
DEBUG   | Has last posted colorbuffer and is initialized; post.
DEBUG   | call repost from subWindowRepaint callback
DEBUG   | Reposting framebuffer.
DEBUG   | Has last posted colorbuffer and is initialized; post.
DEBUG   | call repost from subWindowRepaint callback
DEBUG   | Reposting framebuffer.
DEBUG   | Has last posted colorbuffer and is initialized; post.
DEBUG   | ColorBuffer 83, 2x2, VK_FORMAT_R8G8B8A8_UNORM, Memory [size: 512, type: 1, props: 1 / 1]
DEBUG   | ColorBuffer 85, 1080x128, VK_FORMAT_R8G8B8A8_UNORM, Memory [size: 557056, type: 1, props: 1 / 1]
DEBUG   | ColorBuffer 86, 2x2, VK_FORMAT_R8G8B8A8_UNORM, Memory [size: 512, type: 1, props: 1 / 1]
DEBUG   | ColorBuffer 88, 1080x128, VK_FORMAT_R8G8B8A8_UNORM, Memory [size: 557056, type: 1, props: 1 / 1]
DEBUG   | ColorBuffer 89, 1080x128, VK_FORMAT_R8G8B8A8_UNORM, Memory [size: 557056, type: 1, props: 1 / 1]
DEBUG   | ColorBuffer 91, 1080x128, VK_FORMAT_R8G8B8A8_UNORM, Memory [size: 557056, type: 1, props: 1 / 1]
DEBUG   | ColorBuffer 92, 1080x128, VK_FORMAT_R8G8B8A8_UNORM, Memory [size: 557056, type: 1, props: 1 / 1]
DEBUG   | ColorBuffer 93, 1080x2400, VK_FORMAT_R8G8B8A8_UNORM, Memory [size: 10584064, type: 1, props: 1 / 1]
DEBUG   | ColorBuffer 95, 1080x2400, VK_FORMAT_R8G8B8A8_UNORM, Memory [size: 10584064, type: 1, props: 1 / 1]
DEBUG   | ColorBuffer 96, 1080x2400, VK_FORMAT_R8G8B8A8_UNORM, Memory [size: 10584064, type: 1, props: 1 / 1]
DEBUG   | ColorBuffer 97, 1080x63, VK_FORMAT_R8G8B8A8_UNORM, Memory [size: 278528, type: 1, props: 1 / 1]
DEBUG   | ColorBuffer 99, 1080x63, VK_FORMAT_R8G8B8A8_UNORM, Memory [size: 278528, type: 1, props: 1 / 1]
DEBUG   | ColorBuffer 100, 1080x63, VK_FORMAT_R8G8B8A8_UNORM, Memory [size: 278528, type: 1, props: 1 / 1]
DEBUG   | DEBUG  Waiting for exit signal RenderThread @00000213018F4DE0
 | Waiting for exit signal RenderThread @00000213018F46E0
DEBUG   | Exited a RenderThread @00000213018F4DE0
DEBUG   | Exited a RenderThread @00000213018F46E0
DEBUG   | Started new RenderThread (total 13) @00000212FE4C6920
DEBUG   | ColorBuffer 103, 1x1, VK_FORMAT_R8G8B8A8_UNORM, Memory [size: 512, type: 1, props: 1 / 1]
DEBUG   | ColorBuffer 106, 1x1, VK_FORMAT_R8G8B8A8_UNORM, Memory [size: 512, type: 1, props: 1 / 1]
DEBUG   | ColorBuffer 107, 1080x128, VK_FORMAT_R8G8B8A8_UNORM, Memory [size: 557056, type: 1, props: 1 / 1]
DEBUG   | ColorBuffer 108, 173x173, VK_FORMAT_R8G8B8A8_UNORM, Memory [size: 180224, type: 1, props: 1 / 1]
DEBUG   | ColorBuffer 110, 173x173, VK_FORMAT_R8G8B8A8_UNORM, Memory [size: 180224, type: 1, props: 1 / 1]
DEBUG   | Registering pipe service multidisplay
DEBUG   | MultiDisplayPipe created 000002130029ED90
DEBUG   | MultiDisplayPipe recevied QUERY
DEBUG   | MultiDisplayPipe send add id 0 width 1080 height 2400 dpi 420 flag 0
DEBUG   | Started new RenderThread (total 14) @00000212FE4C64C0
DEBUG   | ColorBuffer 113, 2x2, VK_FORMAT_R8G8B8A8_UNORM, Memory [size: 512, type: 1, props: 1 / 1]
DEBUG   | ColorBuffer 114, 1x1, VK_FORMAT_R8G8B8A8_UNORM, Memory [size: 512, type: 1, props: 1 / 1]
DEBUG   | ColorBuffer 116, 1x1, VK_FORMAT_R8G8B8A8_UNORM, Memory [size: 512, type: 1, props: 1 / 1]
DEBUG   | ColorBuffer 117, 48x48, VK_FORMAT_R8G8B8A8_UNORM, Memory [size: 12288, type: 1, props: 1 / 1]
DEBUG   | ColorBuffer 119, 48x48, VK_FORMAT_R8G8B8A8_UNORM, Memory [size: 12288, type: 1, props: 1 / 1]
DEBUG   | ColorBuffer 120, 42x42, VK_FORMAT_R8G8B8A8_UNORM, Memory [size: 12288, type: 1, props: 1 / 1]
DEBUG   | ColorBuffer 122, 42x42, VK_FORMAT_R8G8B8A8_UNORM, Memory [size: 12288, type: 1, props: 1 / 1]
DEBUG   | ColorBuffer 123, 63x63, VK_FORMAT_R8G8B8A8_UNORM, Memory [size: 16384, type: 1, props: 1 / 1]
DEBUG   | Started new RenderThread (total 15) @00000212FE4C6760
DEBUG   | ColorBuffer 126, 1x1, VK_FORMAT_R8G8B8A8_UNORM, Memory [size: 512, type: 1, props: 1 / 1]
DEBUG   | Started new RenderThread (total 16) @00000212FE4C6840
DEBUG   | ColorBuffer 129, 63x63, VK_FORMAT_R8G8B8A8_UNORM, Memory [size: 16384, type: 1, props: 1 / 1]
DEBUG   | ColorBuffer 130, 173x173, VK_FORMAT_R8G8B8A8_UNORM, Memory [size: 180224, type: 1, props: 1 / 1]
DEBUG   | ColorBuffer 132, 173x173, VK_FORMAT_R8G8B8A8_UNORM, Memory [size: 180224, type: 1, props: 1 / 1]
DEBUG   | ColorBuffer 133, 173x173, VK_FORMAT_R8G8B8A8_UNORM, Memory [size: 180224, type: 1, props: 1 / 1]
DEBUG   | ColorBuffer 135, 173x173, VK_FORMAT_R8G8B8A8_UNORM, Memory [size: 180224, type: 1, props: 1 / 1]
INFO         | IPv4 server found: 192.168.5.1
INFO         | Ignore IPv6 address: d071:202:1302:0:805b:202:1302:0
INFO         | Ignore IPv6 address: d071:202:1302:0:805b:202:1302:0
INFO         | Ignore IPv6 address: d071:202:1302:0:805b:202:1302:0
INFO         | Ignore IPv6 address: f877:202:1302:0:805b:202:1302:0
INFO         | Ignore IPv6 address: f877:202:1302:0:805b:202:1302:0
INFO         | Ignore IPv6 address: f877:202:1302:0:805b:202:1302:0
INFO         | Ignore IPv6 address: 886:202:1302:0:805b:202:1302:0
INFO         | Ignore IPv6 address: 886:202:1302:0:805b:202:1302:0
INFO         | Ignore IPv6 address: 886:202:1302:0:805b:202:1302:0
INFO         | Ignore IPv6 address: 308c:202:1302:0:805b:202:1302:0
INFO         | Ignore IPv6 address: 308c:202:1302:0:805b:202:1302:0
INFO         | Ignore IPv6 address: 308c:202:1302:0:805b:202:1302:0
INFO         | Ignore IPv6 address: 894:202:1302:0:805b:202:1302:0
INFO         | Ignore IPv6 address: 894:202:1302:0:805b:202:1302:0
INFO         | Ignore IPv6 address: 894:202:1302:0:805b:202:1302:0
INFO         | IPv4 server found: 192.168.5.1
INFO         | Ignore IPv6 address: d071:202:1302:0:805b:202:1302:0
INFO         | Ignore IPv6 address: d071:202:1302:0:805b:202:1302:0
INFO         | Ignore IPv6 address: d071:202:1302:0:805b:202:1302:0
INFO         | Ignore IPv6 address: f877:202:1302:0:805b:202:1302:0
INFO         | Ignore IPv6 address: f877:202:1302:0:805b:202:1302:0
INFO         | Ignore IPv6 address: f877:202:1302:0:805b:202:1302:0
INFO         | Ignore IPv6 address: 886:202:1302:0:805b:202:1302:0
INFO         | Ignore IPv6 address: 886:202:1302:0:805b:202:1302:0
INFO         | Ignore IPv6 address: 886:202:1302:0:805b:202:1302:0
INFO         | Ignore IPv6 address: 308c:202:1302:0:805b:202:1302:0
INFO         | Ignore IPv6 address: 308c:202:1302:0:805b:202:1302:0
INFO         | Ignore IPv6 address: 308c:202:1302:0:805b:202:1302:0
INFO         | Ignore IPv6 address: 894:202:1302:0:805b:202:1302:0
INFO         | Ignore IPv6 address: 894:202:1302:0:805b:202:1302:0
INFO         | Ignore IPv6 address: 894:202:1302:0:805b:202:1302:0
INFO         | IPv4 server found: 192.168.5.1
INFO         | Ignore IPv6 address: d071:202:1302:0:805b:202:1302:0
INFO         | Ignore IPv6 address: d071:202:1302:0:805b:202:1302:0
INFO         | Ignore IPv6 address: d071:202:1302:0:805b:202:1302:0
INFO         | Ignore IPv6 address: f877:202:1302:0:805b:202:1302:0
INFO         | Ignore IPv6 address: f877:202:1302:0:805b:202:1302:0
INFO         | Ignore IPv6 address: f877:202:1302:0:805b:202:1302:0
INFO         | Ignore IPv6 address: 886:202:1302:0:805b:202:1302:0
INFO         | Ignore IPv6 address: 886:202:1302:0:805b:202:1302:0
INFO         | Ignore IPv6 address: 886:202:1302:0:805b:202:1302:0
INFO         | Ignore IPv6 address: 308c:202:1302:0:805b:202:1302:0
INFO         | Ignore IPv6 address: 308c:202:1302:0:805b:202:1302:0
INFO         | Ignore IPv6 address: 308c:202:1302:0:805b:202:1302:0
INFO         | Ignore IPv6 address: 894:202:1302:0:805b:202:1302:0
INFO         | Ignore IPv6 address: 894:202:1302:0:805b:202:1302:0
INFO         | Ignore IPv6 address: 894:202:1302:0:805b:202:1302:0
DEBUG   | Waiting for exit signal RenderThread @00000212FE4C64C0
DEBUG   | ColorBuffer 136, 1080x2400, VK_FORMAT_R8G8B8A8_UNORM, Memory [size: 10584064, type: 1, props: 1 / 1]
DEBUG   | ColorBuffer 138, 1080x2400, VK_FORMAT_R8G8B8A8_UNORM, Memory [size: 10584064, type: 1, props: 1 / 1]
DEBUG   | ColorBuffer 139, 1080x2400, VK_FORMAT_R8G8B8A8_UNORM, Memory [size: 10584064, type: 1, props: 1 / 1]
DEBUG   | Exited a RenderThread @00000212FE4C64C0
DEBUG   | Started new RenderThread (total 16) @00000212FE4C4B60
DEBUG   | call repost from subWindowRepaint callback
DEBUG   | Reposting framebuffer.
DEBUG   | Has last posted colorbuffer and is initialized; post.
DEBUG   | ColorBuffer 142, 1x1, VK_FORMAT_R8G8B8A8_UNORM, Memory [size: 512, type: 1, props: 1 / 1]
DEBUG   | call repost from subWindowRepaint callback
DEBUG   | Reposting framebuffer.
DEBUG   | Has last posted colorbuffer and is initialized; post.
DEBUG   | call repost from subWindowRepaint callback
DEBUG   | Reposting framebuffer.
DEBUG   | Has last posted colorbuffer and is initialized; post.
DEBUG   | Started new RenderThread (total 17) @00000212FE4C5960
DEBUG   | ColorBuffer 143, 1080x2400, VK_FORMAT_R8G8B8A8_UNORM, Memory [size: 10584064, type: 1, props: 1 / 1]
DEBUG   | ColorBuffer 145, 1080x2400, VK_FORMAT_R8G8B8A8_UNORM, Memory [size: 10584064, type: 1, props: 1 / 1]
DEBUG   | ColorBuffer 146, 1080x2400, VK_FORMAT_R8G8B8A8_UNORM, Memory [size: 10584064, type: 1, props: 1 / 1]
DEBUG   | call repost from subWindowRepaint callback
DEBUG   | Reposting framebuffer.
DEBUG   | Has last posted colorbuffer and is initialized; post.
DEBUG   | call repost from subWindowRepaint callback
DEBUG   | Reposting framebuffer.
DEBUG   | Has last posted colorbuffer and is initialized; post.
DEBUG   | call repost from subWindowRepaint callback
DEBUG   | Reposting framebuffer.
DEBUG   | Has last posted colorbuffer and is initialized; post.
DEBUG   | call repost from subWindowRepaint callback
DEBUG   | Reposting framebuffer.
DEBUG   | Has last posted colorbuffer and is initialized; post.
DEBUG   | call repost from subWindowRepaint callback
DEBUG   | Reposting framebuffer.
DEBUG   | Has last posted colorbuffer and is initialized; post.
DEBUG   | call repost from subWindowRepaint callback
DEBUG   | Reposting framebuffer.
DEBUG   | Has last posted colorbuffer and is initialized; post.
DEBUG   | call repost from subWindowRepaint callback
DEBUG   | Reposting framebuffer.
DEBUG   | Has last posted colorbuffer and is initialized; post.
DEBUG   | call repost from subWindowRepaint callback
DEBUG   | Reposting framebuffer.
DEBUG   | Has last posted colorbuffer and is initialized; post.
DEBUG   | call repost from subWindowRepaint callback
DEBUG   | Reposting framebuffer.
DEBUG   | Has last posted colorbuffer and is initialized; post.
DEBUG   | call repost from subWindowRepaint callback
DEBUG   | Reposting framebuffer.
DEBUG   | Has last posted colorbuffer and is initialized; post.
DEBUG   | call repost from subWindowRepaint callback
DEBUG   | Reposting framebuffer.
DEBUG   | Has last posted colorbuffer and is initialized; post.
DEBUG   | call repost from subWindowRepaint callback
DEBUG   | Reposting framebuffer.
DEBUG   | Has last posted colorbuffer and is initialized; post.
DEBUG   | call repost from subWindowRepaint callback
DEBUG   | Reposting framebuffer.
DEBUG   | Has last posted colorbuffer and is initialized; post.
DEBUG   | call repost from subWindowRepaint callback
DEBUG   | Reposting framebuffer.
DEBUG   | Has last posted colorbuffer and is initialized; post.
DEBUG   | call repost from subWindowRepaint callback
DEBUG   | Reposting framebuffer.
DEBUG   | Has last posted colorbuffer and is initialized; post.
DEBUG   | call repost from subWindowRepaint callback
DEBUG   | Reposting framebuffer.
DEBUG   | Has last posted colorbuffer and is initialized; post.
DEBUG   | call repost from subWindowRepaint callback
DEBUG   | Reposting framebuffer.
DEBUG   | Has last posted colorbuffer and is initialized; post.
DEBUG   | call repost from subWindowRepaint callback
DEBUG   | Reposting framebuffer.
DEBUG   | Has last posted colorbuffer and is initialized; post.
DEBUG   | call repost from subWindowRepaint callback
DEBUG   | Reposting framebuffer.
DEBUG   | Has last posted colorbuffer and is initialized; post.
DEBUG   | call repost from subWindowRepaint callback
DEBUG   | Reposting framebuffer.
DEBUG   | Has last posted colorbuffer and is initialized; post.
DEBUG   | call repost from subWindowRepaint callback
DEBUG   | Reposting framebuffer.
DEBUG   | Has last posted colorbuffer and is initialized; post.
DEBUG   | call repost from subWindowRepaint callback
DEBUG   | Reposting framebuffer.
DEBUG   | Has last posted colorbuffer and is initialized; post.
DEBUG   | ColorBuffer 147, 1080x2400, VK_FORMAT_R8G8B8A8_UNORM, Memory [size: 10584064, type: 1, props: 1 / 1]
DEBUG   | Started new RenderThread (total 18) @00000212FE4C42A0
DEBUG   | Waiting for exit signal RenderThread @00000212FE4C42A0
DEBUG   | call repost from subWindowRepaint callback
DEBUG   | Reposting framebuffer.
DEBUG   | Has last posted colorbuffer and is initialized; post.
DEBUG   | call repost from subWindowRepaint callback
DEBUG   | Reposting framebuffer.
DEBUG   | Has last posted colorbuffer and is initialized; post.
DEBUG   | Exited a RenderThread @00000212FE4C42A0
DEBUG   | Started new RenderThread (total 18) @00000212FE4C5DC0
DEBUG   | ColorBuffer 150, 2x2, VK_FORMAT_R8G8B8A8_UNORM, Memory [size: 512, type: 1, props: 1 / 1]
DEBUG   | call repost from subWindowRepaint callback
DEBUG   | Reposting framebuffer.
DEBUG   | Has last posted colorbuffer and is initialized; post.
DEBUG   | Started new RenderThread (total 19) @00000212FE4C5B20
DEBUG   | ColorBuffer 153, 1x1, VK_FORMAT_R8G8B8A8_UNORM, Memory [size: 512, type: 1, props: 1 / 1]
DEBUG   | Started new RenderThread (total 20) @00000212FE4C4FC0
DEBUG   | ColorBuffer 154, 1080x2272, VK_FORMAT_R8G8B8A8_UNORM, Memory [size: 10027008, type: 1, props: 1 / 1]
DEBUG   | ColorBuffer 156, 1080x2272, VK_FORMAT_R8G8B8A8_UNORM, Memory [size: 10027008, type: 1, props: 1 / 1]
DEBUG   | ColorBuffer 157, 76x80, VK_FORMAT_R8G8B8A8_UNORM, Memory [size: 40960, type: 1, props: 1 / 1]
DEBUG   | Started new RenderThread (total 21) @00000212FE4C34A0
DEBUG   | ColorBuffer 158, 1080x2272, VK_FORMAT_R8G8B8A8_UNORM, Memory [size: 10027008, type: 1, props: 1 / 1]
DEBUG   | ColorBuffer 161, 1x1, VK_FORMAT_R8G8B8A8_UNORM, Memory [size: 512, type: 1, props: 1 / 1]
DEBUG   | Started new RenderThread (total 22) @00000212FE4C50A0
DEBUG   | ColorBuffer 164, 76x80, VK_FORMAT_R8G8B8A8_UNORM, Memory [size: 40960, type: 1, props: 1 / 1]
DEBUG   | ColorBuffer 165, 55x59, VK_FORMAT_R8G8B8A8_UNORM, Memory [size: 16384, type: 1, props: 1 / 1]
DEBUG   | ColorBuffer 166, 55x59, VK_FORMAT_R8G8B8A8_UNORM, Memory [size: 16384, type: 1, props: 1 / 1]
DEBUG   | ColorBuffer 167, 1080x2400, VK_FORMAT_R8G8B8A8_UNORM, Memory [size: 10584064, type: 1, props: 1 / 1]
DEBUG   | Started new RenderThread (total 23) @00000212FE4C3040
DEBUG   | Waiting for exit signal RenderThread @00000212FE4C3040
DEBUG   | Waiting for exit signal RenderThread @00000212FE4C5DC0
DEBUG   | ColorBuffer 168, 1080x2400, VK_FORMAT_R8G8B8A8_UNORM, Memory [size: 10584064, type: 1, props: 1 / 1]
DEBUG   | Exited a RenderThread @00000212FE4C5DC0
DEBUG   | Exited a RenderThread @00000212FE4C3040
DEBUG   | Started new RenderThread (total 22) @00000212FE4C5F80
DEBUG   | Waiting for exit signal RenderThread @00000212FE4C5F80
DEBUG   | ColorBuffer 169, 1080x2400, VK_FORMAT_R8G8B8A8_UNORM, Memory [size: 10584064, type: 1, props: 1 / 1]
DEBUG   | Exited a RenderThread @00000212FE4C5F80
DEBUG   | Started new RenderThread (total 22) @00000212FE4C5260
DEBUG   | Waiting for exit signal RenderThread @00000212FE4C5260
DEBUG   | Waiting for exit signal RenderThread @00000212FE4C6760
DEBUG   | Waiting for exit signal RenderThread @00000212FE4C6920
DEBUG   | Exited a RenderThread @00000212FE4C6920
DEBUG   | Exited a RenderThread @00000212FE4C6760
DEBUG   | Exited a RenderThread @00000212FE4C5260
DEBUG   | Started new RenderThread (total 20) @00000212FE4C4700
DEBUG   | ColorBuffer 172, 2x2, VK_FORMAT_R8G8B8A8_UNORM, Memory [size: 512, type: 1, props: 1 / 1]
DEBUG   | Waiting for exit signal RenderThread @00000212FE4C34A0
DEBUG   | Waiting for exit signal RenderThread @00000212FE4C4700
DEBUG   | ColorBuffer 173, 1080x2400, VK_FORMAT_R8G8B8A8_UNORM, Memory [size: 10584064, type: 1, props: 1 / 1]
DEBUG   | Exited a RenderThread @00000212FE4C34A0
DEBUG   | Exited a RenderThread @00000212FE4C4700
DEBUG   | Started new RenderThread (total 19) @00000212FE4C3AC0
DEBUG   | Waiting for exit signal RenderThread @00000212FE4C3AC0
DEBUG   | ColorBuffer 174, 1080x2400, VK_FORMAT_R8G8B8A8_UNORM, Memory [size: 10584064, type: 1, props: 1 / 1]
DEBUG   | Exited a RenderThread @00000212FE4C3AC0
DEBUG   | Started new RenderThread (total 19) @00000212FE4C4620
DEBUG   | Waiting for exit signal RenderThread @00000212FE4C4620
DEBUG   | Exited a RenderThread @00000212FE4C4620
DEBUG   | Started new RenderThread (total 19) @00000212FE4C5C00
DEBUG   | ColorBuffer 177, 2x2, VK_FORMAT_R8G8B8A8_UNORM, Memory [size: 512, type: 1, props: 1 / 1]
DEBUG   | Waiting for exit signal RenderThread @00000212FE4C5C00
DEBUG   | ColorBuffer 178, 1080x2400, VK_FORMAT_R8G8B8A8_UNORM, Memory [size: 10584064, type: 1, props: 1 / 1]
DEBUG   | Exited a RenderThread @00000212FE4C5C00
DEBUG   | Started new RenderThread (total 19) @00000212FE4C3BA0
DEBUG   | Waiting for exit signal RenderThread @00000212FE4C3BA0
INFO         | Warning: Retrying to obtain clipboard. (:0, )
DEBUG   | call repost from subWindowRepaint callback
DEBUG   | Reposting framebuffer.
DEBUG   | Has last posted colorbuffer and is initialized; post.
DEBUG   | ColorBuffer 179, 1080x2400, VK_FORMAT_R8G8B8A8_UNORM, Memory [size: 10584064, type: 1, props: 1 / 1]
DEBUG   | ColorBuffer 181, 1080x2400, VK_FORMAT_R8G8B8A8_UNORM, Memory [size: 10584064, type: 1, props: 1 / 1]
DEBUG   | ColorBuffer 182, 1080x2400, VK_FORMAT_R8G8B8A8_UNORM, Memory [size: 10584064, type: 1, props: 1 / 1]
DEBUG   | Waiting for exit signal RenderThread @00000212FE4C5960
DEBUG   | Waiting for exit signal RenderThread @00000212FE4C4B60
DEBUG   | ColorBuffer 183, 1080x2400, VK_FORMAT_R8G8B8A8_UNORM, Memory [size: 10584064, type: 1, props: 1 / 1]
DEBUG   | ColorBuffer 185, 1080x2400, VK_FORMAT_R8G8B8A8_UNORM, Memory [size: 10584064, type: 1, props: 1 / 1]
DEBUG   | ColorBuffer 186, 1080x2400, VK_FORMAT_R8G8B8A8_UNORM, Memory [size: 10584064, type: 1, props: 1 / 1]
DEBUG   | ColorBuffer 187, 864x1920, VK_FORMAT_R8G8B8A8_UNORM, Memory [size: 6635520, type: 1, props: 1 / 1]
DEBUG   | Exited a RenderThread @00000212FE4C4B60
DEBUG   | Exited a RenderThread @00000212FE4C5960
DEBUG   | Exited a RenderThread @00000212FE4C3BA0
DEBUG   | Started new RenderThread (total 17) @00000212FE4C56C0
DEBUG   | ColorBuffer 190, 1x1, VK_FORMAT_R8G8B8A8_UNORM, Memory [size: 512, type: 1, props: 1 / 1]
DEBUG   | ColorBuffer 191, 1080x2400, VK_FORMAT_R8G8B8A8_UNORM, Memory [size: 10584064, type: 1, props: 1 / 1]
DEBUG   | ColorBuffer 193, 1080x2400, VK_FORMAT_R8G8B8A8_UNORM, Memory [size: 10584064, type: 1, props: 1 / 1]
DEBUG   | ColorBuffer 194, 1080x2400, VK_FORMAT_R8G8B8A8_UNORM, Memory [size: 10584064, type: 1, props: 1 / 1]
DEBUG   | Started new RenderThread (total 18) @00000212FE4C5500
DEBUG   | ColorBuffer 197, 2x2, VK_FORMAT_R8G8B8A8_UNORM, Memory [size: 512, type: 1, props: 1 / 1]
DEBUG   | Started new RenderThread (total 19) @00000212FE4C5F80
DEBUG   | ColorBuffer 200, 1x1, VK_FORMAT_R8G8B8A8_UNORM, Memory [size: 512, type: 1, props: 1 / 1]
DEBUG   | Started new RenderThread (total 20) @00000212FE4C5180
DEBUG   | ColorBuffer 201, 1080x2400, VK_FORMAT_R8G8B8A8_UNORM, Memory [size: 10584064, type: 1, props: 1 / 1]
DEBUG   | ColorBuffer 203, 1080x2400, VK_FORMAT_R8G8B8A8_UNORM, Memory [size: 10584064, type: 1, props: 1 / 1]
DEBUG   | ColorBuffer 204, 1080x2400, VK_FORMAT_R8G8B8A8_UNORM, Memory [size: 10584064, type: 1, props: 1 / 1]
DEBUG   | Waiting for exit signal RenderThread @00000212FE4C5500
DEBUG   | ColorBuffer 205, 1080x2400, VK_FORMAT_R8G8B8A8_UNORM, Memory [size: 10584064, type: 1, props: 1 / 1]
DEBUG   | Exited a RenderThread @00000212FE4C5500
DEBUG   | Started new RenderThread (total 20) @00000212FE4C5A40
DEBUG   | Waiting for exit signal RenderThread @00000212FE4C5A40
DEBUG   | Exited a RenderThread @00000212FE4C5A40
DEBUG   | Started new RenderThread (total 20) @00000212FE4C5DC0
DEBUG   | ColorBuffer 208, 2x2, VK_FORMAT_R8G8B8A8_UNORM, Memory [size: 512, type: 1, props: 1 / 1]
DEBUG   | Waiting for exit signal RenderThread @00000212FE4C5DC0
DEBUG   | Exited a RenderThread @00000212FE4C5DC0
DEBUG   | Started new RenderThread (total 20) @00000212FE4C3C80
DEBUG   | ColorBuffer 211, 2x2, VK_FORMAT_R8G8B8A8_UNORM, Memory [size: 512, type: 1, props: 1 / 1]
INFO         | Warning: Retrying to obtain clipboard. (:0, )
DEBUG   | Waiting for exit signal RenderThread @00000212FE4C3C80
DEBUG   | call repost from subWindowRepaint callback
DEBUG   | Reposting framebuffer.
DEBUG   | Has last posted colorbuffer and is initialized; post.
DEBUG   | ColorBuffer 212, 1080x2400, VK_FORMAT_R8G8B8A8_UNORM, Memory [size: 10584064, type: 1, props: 1 / 1]
DEBUG   | ColorBuffer 214, 1080x2400, VK_FORMAT_R8G8B8A8_UNORM, Memory [size: 10584064, type: 1, props: 1 / 1]
DEBUG   | ColorBuffer 215, 1080x2400, VK_FORMAT_R8G8B8A8_UNORM, Memory [size: 10584064, type: 1, props: 1 / 1]
DEBUG   | ColorBuffer 216, 1080x2400, VK_FORMAT_R8G8B8A8_UNORM, Memory [size: 10584064, type: 1, props: 1 / 1]
DEBUG   | ColorBuffer 218, 1080x2400, VK_FORMAT_R8G8B8A8_UNORM, Memory [size: 10584064, type: 1, props: 1 / 1]
DEBUG   | ColorBuffer 219, 1080x2400, VK_FORMAT_R8G8B8A8_UNORM, Memory [size: 10584064, type: 1, props: 1 / 1]
DEBUG   | ColorBuffer 220, 864x1920, VK_FORMAT_R8G8B8A8_UNORM, Memory [size: 6635520, type: 1, props: 1 / 1]
DEBUG   | ColorBuffer 221, 1080x2400, VK_FORMAT_R8G8B8A8_UNORM, Memory [size: 10584064, type: 1, props: 1 / 1]
DEBUG   | ColorBuffer 223, 1080x2400, VK_FORMAT_R8G8B8A8_UNORM, Memory [size: 10584064, type: 1, props: 1 / 1]
DEBUG   | ColorBuffer 224, 1080x2400, VK_FORMAT_R8G8B8A8_UNORM, Memory [size: 10584064, type: 1, props: 1 / 1]
DEBUG   | Exited a RenderThread @00000212FE4C3C80
DEBUG   | Started new RenderThread (total 20) @00000212FE4C3660
DEBUG   | ColorBuffer 227, 1x1, VK_FORMAT_R8G8B8A8_UNORM, Memory [size: 512, type: 1, props: 1 / 1]
DEBUG   | Started new RenderThread (total 21) @00000212FE4C3120
DEBUG   | ColorBuffer 228, 1080x2400, VK_FORMAT_R8G8B8A8_UNORM, Memory [size: 10584064, type: 1, props: 1 / 1]
DEBUG   | ColorBuffer 230, 1080x2400, VK_FORMAT_R8G8B8A8_UNORM, Memory [size: 10584064, type: 1, props: 1 / 1]
DEBUG   | ColorBuffer 231, 1080x2400, VK_FORMAT_R8G8B8A8_UNORM, Memory [size: 10584064, type: 1, props: 1 / 1]
DEBUG   | Started new RenderThread (total 22) @00000212FE4C3900
DEBUG   | ColorBuffer 233, 1x1, VK_FORMAT_R8G8B8A8_UNORM, Memory [size: 512, type: 1, props: 1 / 1]
DEBUG   | ColorBuffer 236, 1x1, VK_FORMAT_R8G8B8A8_UNORM, Memory [size: 512, type: 1, props: 1 / 1]
DEBUG   | ColorBuffer 238, 16x16, VK_FORMAT_R8G8B8A8_UNORM, Memory [size: 1024, type: 1, props: 1 / 1]
DEBUG   | Started new RenderThread (total 23) @00000212FE4C39E0
[Vulkan Loader] ERROR:          loader_get_json: Failed to open JSON file C:\Program Files (x86)\Epic Games\Epic Online Services\managedArtifacts\98bc04bc842e4906993fd6d6644ffb8d\EOSOverlayVkLayer-Win64.json
[Vulkan Loader] ERROR:          loader_get_json: Failed to open JSON file C:\Program Files (x86)\Epic Games\Epic Online Services\managedArtifacts\98bc04bc842e4906993fd6d6644ffb8d\EOSOverlayVkLayer-Win64.json
[Vulkan Loader] ERROR:          loader_get_json: Failed to open JSON file C:\Program Files (x86)\Epic Games\Epic Online Services\managedArtifacts\98bc04bc842e4906993fd6d6644ffb8d\EOSOverlayVkLayer-Win64.json
[Vulkan Loader] ERROR:          loader_get_json: Failed to open JSON file C:\Program Files (x86)\Epic Games\Epic Online Services\managedArtifacts\98bc04bc842e4906993fd6d6644ffb8d\EOSOverlayVkLayer-Win64.json
[Vulkan Loader] ERROR:          loader_get_json: Failed to open JSON file C:\Program Files (x86)\Epic Games\Epic Online Services\managedArtifacts\98bc04bc842e4906993fd6d6644ffb8d\EOSOverlayVkLayer-Win64.json
[Vulkan Loader] ERROR:          loader_get_json: Failed to open JSON file C:\Program Files (x86)\Epic Games\Epic Online Services\managedArtifacts\98bc04bc842e4906993fd6d6644ffb8d\EOSOverlayVkLayer-Win64.json
[Vulkan Loader] ERROR:          loader_get_json: Failed to open JSON file C:\Program Files (x86)\Epic Games\Epic Online Services\managedArtifacts\98bc04bc842e4906993fd6d6644ffb8d\EOSOverlayVkLayer-Win64.json
[Vulkan Loader] WARNING | LAYER: windows_read_data_files_in_registry: Registry lookup failed to get layer manifest files.
[Vulkan Loader] WARNING | LAYER: Layer VK_LAYER_GAMEPP uses API version 1.3 which is older than the application specified API version of 1.4. May cause issues.
[Vulkan Loader] WARNING | LAYER: Layer VK_LAYER_OBS_HOOK uses API version 1.3 which is older than the application specified API version of 1.4. May cause issues.
[Vulkan Loader] WARNING | LAYER: Layer VK_LAYER_MEDIASDK_HOOK uses API version 1.3 which is older than the application specified API version of 1.4. May cause issues.
INFO         | Created VkInstance:00000213001719E0 for application:'Chromium' engine:''.
DEBUG   | Registering VkInstance 2280629148128 name Chromium, total is 1
[Vulkan Loader] ERROR:          loader_get_json: Failed to open JSON file C:\Program Files (x86)\Epic Games\Epic Online Services\managedArtifacts\98bc04bc842e4906993fd6d6644ffb8d\EOSOverlayVkLayer-Win64.json
[Vulkan Loader] ERROR:          loader_get_json: Failed to open JSON file C:\Program Files (x86)\Epic Games\Epic Online Services\managedArtifacts\98bc04bc842e4906993fd6d6644ffb8d\EOSOverlayVkLayer-Win64.json
DEBUG   | ColorBuffer 240, 1x1, VK_FORMAT_R8G8B8A8_UNORM, Memory [size: 512, type: 1, props: 1 / 1]
INFO         | Created VkDevice:00000212174B00D0 for application:'Chromium' instance:00000213001719E0. ASTC emulation:on CPU decoding:off.
DEBUG   | ColorBuffer 241, 1080x2400, VK_FORMAT_R8G8B8A8_UNORM, Memory [size: 10584064, type: 1, props: 1 / 1]
DEBUG   | ColorBuffer 243, 1080x2400, VK_FORMAT_R8G8B8A8_UNORM, Memory [size: 10584064, type: 1, props: 1 / 1]
DEBUG   | ColorBuffer 244, 1080x2400, VK_FORMAT_R8G8B8A8_UNORM, Memory [size: 10584064, type: 1, props: 1 / 1]
DEBUG   | ColorBuffer 245, 864x1920, VK_FORMAT_R8G8B8A8_UNORM, Memory [size: 6635520, type: 1, props: 1 / 1]
DEBUG   | ColorBuffer 246, 1080x2400, VK_FORMAT_R8G8B8A8_UNORM, Memory [size: 10584064, type: 1, props: 1 / 1]
DEBUG   | ColorBuffer 248, 1080x2400, VK_FORMAT_R8G8B8A8_UNORM, Memory [size: 10584064, type: 1, props: 1 / 1]
DEBUG   | ColorBuffer 249, 1192x1411, VK_FORMAT_R8G8B8A8_UNORM, Memory [size: 7372800, type: 1, props: 1 / 1]
DEBUG   | ColorBuffer 251, 1192x1411, VK_FORMAT_R8G8B8A8_UNORM, Memory [size: 7372800, type: 1, props: 1 / 1]
DEBUG   | ColorBuffer 252, 1192x1411, VK_FORMAT_R8G8B8A8_UNORM, Memory [size: 7372800, type: 1, props: 1 / 1]
DEBUG   | Started new RenderThread (total 24) @00000213028B39D0
DEBUG   | ColorBuffer 254, 1x1, VK_FORMAT_R8G8B8A8_UNORM, Memory [size: 512, type: 1, props: 1 / 1]
DEBUG   | ColorBuffer 256, 1080x2400, VK_FORMAT_R8G8B8A8_UNORM, Memory [size: 10584064, type: 1, props: 1 / 1]
DEBUG   | Started new RenderThread (total 25) @00000213282628A0
DEBUG   | Started new RenderThread (total 26) @0000021328262B40
DEBUG   | ColorBuffer 257, 1080x2209, VK_FORMAT_R8G8B8A8_UNORM, Memory [size: 10027008, type: 1, props: 1 / 1]
DEBUG   | ColorBuffer 258, 1080x2209, VK_FORMAT_R8G8B8A8_UNORM, Memory [size: 10027008, type: 1, props: 1 / 1]
DEBUG   | ColorBuffer 259, 1080x2209, VK_FORMAT_R8G8B8A8_UNORM, Memory [size: 10027008, type: 1, props: 1 / 1]
DEBUG   | Started new RenderThread (total 27) @0000021300297CA0
DEBUG   | ColorBuffer 260, 1080x2272, VK_FORMAT_R8G8B8A8_UNORM, Memory [size: 10027008, type: 1, props: 1 / 1]
DEBUG   | ColorBuffer 262, 1080x2272, VK_FORMAT_R8G8B8A8_UNORM, Memory [size: 10027008, type: 1, props: 1 / 1]
DEBUG   | ColorBuffer 263, 1080x2272, VK_FORMAT_R8G8B8A8_UNORM, Memory [size: 10027008, type: 1, props: 1 / 1]
DEBUG   | Waiting for exit signal RenderThread @00000212FE4C5180
DEBUG   | Waiting for exit signal RenderThread @00000212FE4C5F80
DEBUG   | ColorBuffer 264, 1080x2400, VK_FORMAT_R8G8B8A8_UNORM, Memory [size: 10584064, type: 1, props: 1 / 1]
DEBUG   | ColorBuffer 266, 1080x2400, VK_FORMAT_R8G8B8A8_UNORM, Memory [size: 10584064, type: 1, props: 1 / 1]
DEBUG   | ColorBuffer 267, 1080x2400, VK_FORMAT_R8G8B8A8_UNORM, Memory [size: 10584064, type: 1, props: 1 / 1]
DEBUG   | ColorBuffer 268, 864x1920, VK_FORMAT_R8G8B8A8_UNORM, Memory [size: 6635520, type: 1, props: 1 / 1]
DEBUG   | Exited a RenderThread @00000212FE4C5F80
DEBUG   | Exited a RenderThread @00000212FE4C5180
DEBUG   | Started new RenderThread (total 26) @0000021300297E60
DEBUG   | ColorBuffer 271, 1x1, VK_FORMAT_R8G8B8A8_UNORM, Memory [size: 512, type: 1, props: 1 / 1]
DEBUG   | Started new RenderThread (total 27) @0000021300297F40
DEBUG   | ColorBuffer 272, 1080x2400, VK_FORMAT_R8G8B8A8_UNORM, Memory [size: 10584064, type: 1, props: 1 / 1]
DEBUG   | ColorBuffer 274, 1080x2400, VK_FORMAT_R8G8B8A8_UNORM, Memory [size: 10584064, type: 1, props: 1 / 1]
DEBUG   | ColorBuffer 275, 1080x2400, VK_FORMAT_R8G8B8A8_UNORM, Memory [size: 10584064, type: 1, props: 1 / 1]
DEBUG   | call repost from subWindowRepaint callback
DEBUG   | Reposting framebuffer.
DEBUG   | Has last posted colorbuffer and is initialized; post.
DEBUG   | ColorBuffer 276, 1080x2400, VK_FORMAT_R8G8B8A8_UNORM, Memory [size: 10584064, type: 1, props: 1 / 1]
DEBUG   | ColorBuffer 278, 1080x2400, VK_FORMAT_R8G8B8A8_UNORM, Memory [size: 10584064, type: 1, props: 1 / 1]
DEBUG   | ColorBuffer 279, 1080x2400, VK_FORMAT_R8G8B8A8_UNORM, Memory [size: 10584064, type: 1, props: 1 / 1]
DEBUG   | ColorBuffer 280, 864x1920, VK_FORMAT_R8G8B8A8_UNORM, Memory [size: 6635520, type: 1, props: 1 / 1]
DEBUG   | ColorBuffer 281, 864x1920, VK_FORMAT_R8G8B8A8_UNORM, Memory [size: 6635520, type: 1, props: 1 / 1]
DEBUG   | Waiting for exit signal RenderThread @00000212FE4C3660
DEBUG   | Exited a RenderThread @00000212FE4C3660
DEBUG   | Started new RenderThread (total 27) @00000213282AE510
DEBUG   | ColorBuffer 284, 1x1, VK_FORMAT_R8G8B8A8_UNORM, Memory [size: 512, type: 1, props: 1 / 1]
DEBUG   | ColorBuffer 285, 1080x2400, VK_FORMAT_R8G8B8A8_UNORM, Memory [size: 10584064, type: 1, props: 1 / 1]
DEBUG   | ColorBuffer 287, 1080x2400, VK_FORMAT_R8G8B8A8_UNORM, Memory [size: 10584064, type: 1, props: 1 / 1]
DEBUG   | ColorBuffer 288, 1080x2209, VK_FORMAT_R8G8B8A8_UNORM, Memory [size: 10027008, type: 1, props: 1 / 1]
DEBUG   | ColorBuffer 289, 1080x2209, VK_FORMAT_R8G8B8A8_UNORM, Memory [size: 10027008, type: 1, props: 1 / 1]
DEBUG   | ColorBuffer 290, 1080x2209, VK_FORMAT_R8G8B8A8_UNORM, Memory [size: 10027008, type: 1, props: 1 / 1]
DEBUG   | ColorBuffer 291, 1080x2400, VK_FORMAT_R8G8B8A8_UNORM, Memory [size: 10584064, type: 1, props: 1 / 1]
DEBUG   | ColorBuffer 292, 1080x2272, VK_FORMAT_R8G8B8A8_UNORM, Memory [size: 10027008, type: 1, props: 1 / 1]
DEBUG   | ColorBuffer 294, 1080x2272, VK_FORMAT_R8G8B8A8_UNORM, Memory [size: 10027008, type: 1, props: 1 / 1]
DEBUG   | ColorBuffer 295, 1080x2272, VK_FORMAT_R8G8B8A8_UNORM, Memory [size: 10027008, type: 1, props: 1 / 1]
DEBUG   | ColorBuffer 296, 285x148, VK_FORMAT_R8G8B8A8_UNORM, Memory [size: 294912, type: 1, props: 1 / 1]
DEBUG   | ColorBuffer 298, 105x105, VK_FORMAT_R8G8B8A8_UNORM, Memory [size: 57344, type: 1, props: 1 / 1]
DEBUG   | ColorBuffer 300, 105x105, VK_FORMAT_R8G8B8A8_UNORM, Memory [size: 57344, type: 1, props: 1 / 1]
DEBUG   | ColorBuffer 301, 105x105, VK_FORMAT_R8G8B8A8_UNORM, Memory [size: 57344, type: 1, props: 1 / 1]
DEBUG   | ColorBuffer 302, 285x148, VK_FORMAT_R8G8B8A8_UNORM, Memory [size: 294912, type: 1, props: 1 / 1]
DEBUG   | ColorBuffer 303, 285x148, VK_FORMAT_R8G8B8A8_UNORM, Memory [size: 294912, type: 1, props: 1 / 1]
DEBUG   | ColorBuffer 304, 1080x2400, VK_FORMAT_R8G8B8A8_UNORM, Memory [size: 10584064, type: 1, props: 1 / 1]
DEBUG   | ColorBuffer 306, 1080x2400, VK_FORMAT_R8G8B8A8_UNORM, Memory [size: 10584064, type: 1, props: 1 / 1]
DEBUG   | ColorBuffer 307, 1080x2400, VK_FORMAT_R8G8B8A8_UNORM, Memory [size: 10584064, type: 1, props: 1 / 1]
DEBUG   | ColorBuffer 308, 1080x2400, VK_FORMAT_R8G8B8A8_UNORM, Memory [size: 10584064, type: 1, props: 1 / 1]
DEBUG   | Started new RenderThread (total 28) @0000021302604450
DEBUG   | Waiting for exit signal RenderThread @0000021302604450
DEBUG   | ColorBuffer 309, 864x1920, VK_FORMAT_R8G8B8A8_UNORM, Memory [size: 6635520, type: 1, props: 1 / 1]
DEBUG   | Waiting for exit signal RenderThread @0000021300297E60
DEBUG   | Exited a RenderThread @0000021300297E60
DEBUG   | Exited a RenderThread @0000021302604450
DEBUG   | Started new RenderThread (total 27) @00000213028C8120
DEBUG   | ColorBuffer 312, 1x1, VK_FORMAT_R8G8B8A8_UNORM, Memory [size: 512, type: 1, props: 1 / 1]
DEBUG   | ColorBuffer 313, 1080x2400, VK_FORMAT_R8G8B8A8_UNORM, Memory [size: 10584064, type: 1, props: 1 / 1]
DEBUG   | ColorBuffer 315, 1080x2400, VK_FORMAT_R8G8B8A8_UNORM, Memory [size: 10584064, type: 1, props: 1 / 1]
DEBUG   | ColorBuffer 316, 1080x2400, VK_FORMAT_R8G8B8A8_UNORM, Memory [size: 10584064, type: 1, props: 1 / 1]
DEBUG   | ColorBuffer 317, 1080x2400, VK_FORMAT_R8G8B8A8_UNORM, Memory [size: 10584064, type: 1, props: 1 / 1]
DEBUG   | ColorBuffer 319, 1080x2400, VK_FORMAT_R8G8B8A8_UNORM, Memory [size: 10584064, type: 1, props: 1 / 1]
DEBUG   | ColorBuffer 320, 1080x2400, VK_FORMAT_R8G8B8A8_UNORM, Memory [size: 10584064, type: 1, props: 1 / 1]
DEBUG   | ColorBuffer 321, 1080x2400, VK_FORMAT_R8G8B8A8_UNORM, Memory [size: 10584064, type: 1, props: 1 / 1]
DEBUG   | Started new RenderThread (total 28) @00000213028B2D60
DEBUG   | Waiting for exit signal RenderThread @00000213028B2D60
DEBUG   | call repost from subWindowRepaint callback
DEBUG   | Reposting framebuffer.
DEBUG   | Has last posted colorbuffer and is initialized; post.
DEBUG   | call repost from subWindowRepaint callback
DEBUG   | Reposting framebuffer.
DEBUG   | Has last posted colorbuffer and is initialized; post.
DEBUG   | call repost from subWindowRepaint callback
DEBUG   | Reposting framebuffer.
DEBUG   | Has last posted colorbuffer and is initialized; post.
DEBUG   | call repost from subWindowRepaint callback
DEBUG   | Reposting framebuffer.
DEBUG   | Has last posted colorbuffer and is initialized; post.
DEBUG   | call repost from subWindowRepaint callback
DEBUG   | Reposting framebuffer.
DEBUG   | Has last posted colorbuffer and is initialized; post.
DEBUG   | call repost from subWindowRepaint callback
DEBUG   | Reposting framebuffer.
DEBUG   | Has last posted colorbuffer and is initialized; post.
DEBUG   | call repost from subWindowRepaint callback
DEBUG   | Reposting framebuffer.
DEBUG   | Has last posted colorbuffer and is initialized; post.
DEBUG   | call repost from subWindowRepaint callback
DEBUG   | Reposting framebuffer.
DEBUG   | Has last posted colorbuffer and is initialized; post.
DEBUG   | call repost from subWindowRepaint callback
DEBUG   | Reposting framebuffer.
DEBUG   | Has last posted colorbuffer and is initialized; post.
DEBUG   | call repost from subWindowRepaint callback
DEBUG   | Reposting framebuffer.
DEBUG   | Has last posted colorbuffer and is initialized; post.
DEBUG   | call repost from subWindowRepaint callback
DEBUG   | Reposting framebuffer.
DEBUG   | Has last posted colorbuffer and is initialized; post.
DEBUG   | call repost from subWindowRepaint callback
DEBUG   | Reposting framebuffer.
DEBUG   | Has last posted colorbuffer and is initialized; post.
DEBUG   | call repost from subWindowRepaint callback
DEBUG   | Reposting framebuffer.
DEBUG   | Has last posted colorbuffer and is initialized; post.
DEBUG   | call repost from subWindowRepaint callback
DEBUG   | Reposting framebuffer.
DEBUG   | Has last posted colorbuffer and is initialized; post.
DEBUG   | call repost from subWindowRepaint callback
DEBUG   | Reposting framebuffer.
DEBUG   | Has last posted colorbuffer and is initialized; post.
DEBUG   | call repost from subWindowRepaint callback
DEBUG   | Reposting framebuffer.
DEBUG   | Has last posted colorbuffer and is initialized; post.
DEBUG   | call repost from subWindowRepaint callback
DEBUG   | Reposting framebuffer.
DEBUG   | Has last posted colorbuffer and is initialized; post.
DEBUG   | call repost from subWindowRepaint callback
DEBUG   | Reposting framebuffer.
DEBUG   | Has last posted colorbuffer and is initialized; post.
DEBUG   | call repost from subWindowRepaint callback
DEBUG   | Reposting framebuffer.
DEBUG   | Has last posted colorbuffer and is initialized; post.
DEBUG   | call repost from subWindowRepaint callback
DEBUG   | Reposting framebuffer.
DEBUG   | Has last posted colorbuffer and is initialized; post.
DEBUG   | call repost from subWindowRepaint callback
DEBUG   | Reposting framebuffer.
DEBUG   | Has last posted colorbuffer and is initialized; post.
DEBUG   | call repost from subWindowRepaint callback
DEBUG   | Reposting framebuffer.
DEBUG   | Has last posted colorbuffer and is initialized; post.
DEBUG   | call repost from subWindowRepaint callback
DEBUG   | Reposting framebuffer.
DEBUG   | Has last posted colorbuffer and is initialized; post.
DEBUG   | call repost from subWindowRepaint callback
DEBUG   | Reposting framebuffer.
DEBUG   | Has last posted colorbuffer and is initialized; post.
DEBUG   | call repost from subWindowRepaint callback
DEBUG   | Reposting framebuffer.
DEBUG   | Has last posted colorbuffer and is initialized; post.
DEBUG   | call repost from subWindowRepaint callback
DEBUG   | Reposting framebuffer.
DEBUG   | Has last posted colorbuffer and is initialized; post.
DEBUG   | call repost from subWindowRepaint callback
DEBUG   | Reposting framebuffer.
DEBUG   | Has last posted colorbuffer and is initialized; post.
DEBUG   | call repost from subWindowRepaint callback
DEBUG   | Reposting framebuffer.
DEBUG   | Has last posted colorbuffer and is initialized; post.
DEBUG   | call repost from subWindowRepaint callback
DEBUG   | Reposting framebuffer.
DEBUG   | Has last posted colorbuffer and is initialized; post.
DEBUG   | call repost from subWindowRepaint callback
DEBUG   | Reposting framebuffer.
DEBUG   | Has last posted colorbuffer and is initialized; post.
DEBUG   | call repost from subWindowRepaint callback
DEBUG   | Reposting framebuffer.
DEBUG   | Has last posted colorbuffer and is initialized; post.
DEBUG   | call repost from subWindowRepaint callback
DEBUG   | Reposting framebuffer.
DEBUG   | Has last posted colorbuffer and is initialized; post.
DEBUG   | call repost from subWindowRepaint callback
DEBUG   | Reposting framebuffer.
DEBUG   | Has last posted colorbuffer and is initialized; post.
DEBUG   | call repost from subWindowRepaint callback
DEBUG   | Reposting framebuffer.
DEBUG   | Has last posted colorbuffer and is initialized; post.
DEBUG   | call repost from subWindowRepaint callback
DEBUG   | Reposting framebuffer.
DEBUG   | Has last posted colorbuffer and is initialized; post.
DEBUG   | call repost from subWindowRepaint callback
DEBUG   | Reposting framebuffer.
DEBUG   | Has last posted colorbuffer and is initialized; post.
DEBUG   | call repost from subWindowRepaint callback
DEBUG   | Reposting framebuffer.
DEBUG   | Has last posted colorbuffer and is initialized; post.
DEBUG   | call repost from subWindowRepaint callback
DEBUG   | Reposting framebuffer.
DEBUG   | Has last posted colorbuffer and is initialized; post.
DEBUG   | call repost from subWindowRepaint callback
DEBUG   | Reposting framebuffer.
DEBUG   | Has last posted colorbuffer and is initialized; post.
DEBUG   | call repost from subWindowRepaint callback
DEBUG   | Reposting framebuffer.
DEBUG   | Has last posted colorbuffer and is initialized; post.
DEBUG   | call repost from subWindowRepaint callback
DEBUG   | Reposting framebuffer.
DEBUG   | Has last posted colorbuffer and is initialized; post.
DEBUG   | call repost from subWindowRepaint callback
DEBUG   | Reposting framebuffer.
DEBUG   | Has last posted colorbuffer and is initialized; post.
DEBUG   | call repost from subWindowRepaint callback
DEBUG   | Reposting framebuffer.
DEBUG   | Has last posted colorbuffer and is initialized; post.
DEBUG   | call repost from subWindowRepaint callback
DEBUG   | Reposting framebuffer.
DEBUG   | Has last posted colorbuffer and is initialized; post.
DEBUG   | call repost from subWindowRepaint callback
DEBUG   | Reposting framebuffer.
DEBUG   | Has last posted colorbuffer and is initialized; post.
DEBUG   | call repost from subWindowRepaint callback
DEBUG   | Reposting framebuffer.
DEBUG   | Has last posted colorbuffer and is initialized; post.
DEBUG   | call repost from subWindowRepaint callback
DEBUG   | Reposting framebuffer.
DEBUG   | Has last posted colorbuffer and is initialized; post.
DEBUG   | call repost from subWindowRepaint callback
DEBUG   | Reposting framebuffer.
DEBUG   | Has last posted colorbuffer and is initialized; post.
DEBUG   | call repost from subWindowRepaint callback
DEBUG   | Reposting framebuffer.
DEBUG   | Has last posted colorbuffer and is initialized; post.
DEBUG   | call repost from subWindowRepaint callback
DEBUG   | Reposting framebuffer.
DEBUG   | Has last posted colorbuffer and is initialized; post.
DEBUG   | call repost from subWindowRepaint callback
DEBUG   | Reposting framebuffer.
DEBUG   | Has last posted colorbuffer and is initialized; post.
DEBUG   | call repost from subWindowRepaint callback
DEBUG   | Reposting framebuffer.
DEBUG   | Has last posted colorbuffer and is initialized; post.
DEBUG   | call repost from subWindowRepaint callback
DEBUG   | Reposting framebuffer.
DEBUG   | Has last posted colorbuffer and is initialized; post.
DEBUG   | call repost from subWindowRepaint callback
DEBUG   | Reposting framebuffer.
DEBUG   | Has last posted colorbuffer and is initialized; post.
DEBUG   | call repost from subWindowRepaint callback
DEBUG   | Reposting framebuffer.
DEBUG   | Has last posted colorbuffer and is initialized; post.
DEBUG   | call repost from subWindowRepaint callback
DEBUG   | Reposting framebuffer.
DEBUG   | Has last posted colorbuffer and is initialized; post.
DEBUG   | call repost from subWindowRepaint callback
DEBUG   | Reposting framebuffer.
DEBUG   | Has last posted colorbuffer and is initialized; post.
DEBUG   | call repost from subWindowRepaint callback
DEBUG   | Reposting framebuffer.
DEBUG   | Has last posted colorbuffer and is initialized; post.
DEBUG   | call repost from subWindowRepaint callback
DEBUG   | Reposting framebuffer.
DEBUG   | Has last posted colorbuffer and is initialized; post.
DEBUG   | call repost from subWindowRepaint callback
DEBUG   | Reposting framebuffer.
DEBUG   | Has last posted colorbuffer and is initialized; post.
DEBUG   | call repost from subWindowRepaint callback
DEBUG   | Reposting framebuffer.
DEBUG   | Has last posted colorbuffer and is initialized; post.
DEBUG   | call repost from subWindowRepaint callback
DEBUG   | Reposting framebuffer.
DEBUG   | Has last posted colorbuffer and is initialized; post.
DEBUG   | call repost from subWindowRepaint callback
DEBUG   | Reposting framebuffer.
DEBUG   | Has last posted colorbuffer and is initialized; post.
DEBUG   | call repost from subWindowRepaint callback
DEBUG   | Reposting framebuffer.
DEBUG   | Has last posted colorbuffer and is initialized; post.
DEBUG   | call repost from subWindowRepaint callback
DEBUG   | Reposting framebuffer.
DEBUG   | Has last posted colorbuffer and is initialized; post.
DEBUG   | call repost from subWindowRepaint callback
DEBUG   | Reposting framebuffer.
DEBUG   | Has last posted colorbuffer and is initialized; post.
DEBUG   | call repost from subWindowRepaint callback
DEBUG   | Reposting framebuffer.
DEBUG   | Has last posted colorbuffer and is initialized; post.
DEBUG   | call repost from subWindowRepaint callback
DEBUG   | Reposting framebuffer.
DEBUG   | Has last posted colorbuffer and is initialized; post.
DEBUG   | call repost from subWindowRepaint callback
DEBUG   | Reposting framebuffer.
DEBUG   | Has last posted colorbuffer and is initialized; post.
DEBUG   | call repost from subWindowRepaint callback
DEBUG   | Reposting framebuffer.
DEBUG   | Has last posted colorbuffer and is initialized; post.
DEBUG   | call repost from subWindowRepaint callback
DEBUG   | Reposting framebuffer.
DEBUG   | Has last posted colorbuffer and is initialized; post.
DEBUG   | call repost from subWindowRepaint callback
DEBUG   | Reposting framebuffer.
DEBUG   | Has last posted colorbuffer and is initialized; post.
DEBUG   | call repost from subWindowRepaint callback
DEBUG   | Reposting framebuffer.
DEBUG   | Has last posted colorbuffer and is initialized; post.
DEBUG   | call repost from subWindowRepaint callback
DEBUG   | Reposting framebuffer.
DEBUG   | Has last posted colorbuffer and is initialized; post.
DEBUG   | call repost from subWindowRepaint callback
DEBUG   | Reposting framebuffer.
DEBUG   | Has last posted colorbuffer and is initialized; post.
DEBUG   | call repost from subWindowRepaint callback
DEBUG   | Reposting framebuffer.
DEBUG   | Has last posted colorbuffer and is initialized; post.
DEBUG   | call repost from subWindowRepaint callback
DEBUG   | Reposting framebuffer.
DEBUG   | Has last posted colorbuffer and is initialized; post.
DEBUG   | call repost from subWindowRepaint callback
DEBUG   | Reposting framebuffer.
DEBUG   | Has last posted colorbuffer and is initialized; post.
DEBUG   | call repost from subWindowRepaint callback
DEBUG   | Reposting framebuffer.
DEBUG   | Has last posted colorbuffer and is initialized; post.
DEBUG   | call repost from subWindowRepaint callback
DEBUG   | Reposting framebuffer.
DEBUG   | Has last posted colorbuffer and is initialized; post.
DEBUG   | call repost from subWindowRepaint callback
DEBUG   | Reposting framebuffer.
DEBUG   | Has last posted colorbuffer and is initialized; post.
DEBUG   | call repost from subWindowRepaint callback
DEBUG   | Reposting framebuffer.
DEBUG   | Has last posted colorbuffer and is initialized; post.
DEBUG   | call repost from subWindowRepaint callback
DEBUG   | Reposting framebuffer.
DEBUG   | Has last posted colorbuffer and is initialized; post.
DEBUG   | call repost from subWindowRepaint callback
DEBUG   | Reposting framebuffer.
DEBUG   | Has last posted colorbuffer and is initialized; post.
DEBUG   | call repost from subWindowRepaint callback
DEBUG   | Reposting framebuffer.
DEBUG   | Has last posted colorbuffer and is initialized; post.
DEBUG   | call repost from subWindowRepaint callback
DEBUG   | Reposting framebuffer.
DEBUG   | Has last posted colorbuffer and is initialized; post.
DEBUG   | call repost from subWindowRepaint callback
DEBUG   | Reposting framebuffer.
DEBUG   | Has last posted colorbuffer and is initialized; post.
DEBUG   | call repost from subWindowRepaint callback
DEBUG   | Reposting framebuffer.
DEBUG   | Has last posted colorbuffer and is initialized; post.
DEBUG   | call repost from subWindowRepaint callback
DEBUG   | Reposting framebuffer.
DEBUG   | Has last posted colorbuffer and is initialized; post.
DEBUG   | call repost from subWindowRepaint callback
DEBUG   | Reposting framebuffer.
DEBUG   | Has last posted colorbuffer and is initialized; post.
DEBUG   | call repost from subWindowRepaint callback
DEBUG   | Reposting framebuffer.
DEBUG   | Has last posted colorbuffer and is initialized; post.
DEBUG   | call repost from subWindowRepaint callback
DEBUG   | Reposting framebuffer.
DEBUG   | Has last posted colorbuffer and is initialized; post.
DEBUG   | call repost from subWindowRepaint callback
DEBUG   | Reposting framebuffer.
DEBUG   | Has last posted colorbuffer and is initialized; post.
DEBUG   | call repost from subWindowRepaint callback
DEBUG   | Reposting framebuffer.
DEBUG   | Has last posted colorbuffer and is initialized; post.
DEBUG   | call repost from subWindowRepaint callback
DEBUG   | Reposting framebuffer.
DEBUG   | Has last posted colorbuffer and is initialized; post.
DEBUG   | call repost from subWindowRepaint callback
DEBUG   | Reposting framebuffer.
DEBUG   | Has last posted colorbuffer and is initialized; post.
DEBUG   | call repost from subWindowRepaint callback
DEBUG   | Reposting framebuffer.
DEBUG   | Has last posted colorbuffer and is initialized; post.
DEBUG   | call repost from subWindowRepaint callback
DEBUG   | Reposting framebuffer.
DEBUG   | Has last posted colorbuffer and is initialized; post.
DEBUG   | call repost from subWindowRepaint callback
DEBUG   | Reposting framebuffer.
DEBUG   | Has last posted colorbuffer and is initialized; post.
DEBUG   | call repost from subWindowRepaint callback
DEBUG   | Reposting framebuffer.
DEBUG   | Has last posted colorbuffer and is initialized; post.
DEBUG   | ColorBuffer 322, 1080x2400, VK_FORMAT_R8G8B8A8_UNORM, Memory [size: 10584064, type: 1, props: 1 / 1]
DEBUG   | Exited a RenderThread @00000213028B2D60
DEBUG   | Started new RenderThread (total 28) @000002130259B240
DEBUG   | Waiting for exit signal RenderThread @000002130259B240
DEBUG   | ColorBuffer 323, 1080x2400, VK_FORMAT_R8G8B8A8_UNORM, Memory [size: 10584064, type: 1, props: 1 / 1]
DEBUG   | Exited a RenderThread @000002130259B240
DEBUG   | Started new RenderThread (total 28) @000002130080BAE0
DEBUG   | Waiting for exit signal RenderThread @000002130080BAE0
DEBUG   | Waiting for exit signal RenderThread @0000021300297F40
DEBUG   | Waiting for exit signal RenderThread @00000213028C8120
DEBUG   | ColorBuffer 324, 1080x2400, VK_FORMAT_R8G8B8A8_UNORM, Memory [size: 10584064, type: 1, props: 1 / 1]
DEBUG   | Waiting for exit signal RenderThread @00000213282AE510
DEBUG   | ColorBuffer 326, 1080x2400, VK_FORMAT_R8G8B8A8_UNORM, Memory [size: 10584064, type: 1, props: 1 / 1]
DEBUG   | ColorBuffer 327, 1080x2400, VK_FORMAT_R8G8B8A8_UNORM, Memory [size: 10584064, type: 1, props: 1 / 1]
DEBUG   | ColorBuffer 328, 864x1920, VK_FORMAT_R8G8B8A8_UNORM, Memory [size: 6635520, type: 1, props: 1 / 1]
DEBUG   | ColorBuffer 329, 1080x2400, VK_FORMAT_R8G8B8A8_UNORM, Memory [size: 10584064, type: 1, props: 1 / 1]
DEBUG   | ColorBuffer 331, 1080x2400, VK_FORMAT_R8G8B8A8_UNORM, Memory [size: 10584064, type: 1, props: 1 / 1]
DEBUG   | ColorBuffer 332, 1080x2400, VK_FORMAT_R8G8B8A8_UNORM, Memory [size: 10584064, type: 1, props: 1 / 1]
DEBUG   | Exited a RenderThread @0000021300297F40
DEBUG   | Exited a RenderThread @00000213282AE510
DEBUG   | Exited a RenderThread @00000213028C8120
DEBUG   | Exited a RenderThread @000002130080BAE0
DEBUG   | Started new RenderThread (total 25) @00000213028C1190
DEBUG   | ColorBuffer 335, 1x1, VK_FORMAT_R8G8B8A8_UNORM, Memory [size: 512, type: 1, props: 1 / 1]
DEBUG   | Started new RenderThread (total 26) @00000213028C7CC0
DEBUG   | ColorBuffer 336, 1080x2400, VK_FORMAT_R8G8B8A8_UNORM, Memory [size: 10584064, type: 1, props: 1 / 1]
DEBUG   | ColorBuffer 338, 1080x2400, VK_FORMAT_R8G8B8A8_UNORM, Memory [size: 10584064, type: 1, props: 1 / 1]
DEBUG   | ColorBuffer 339, 1080x2400, VK_FORMAT_R8G8B8A8_UNORM, Memory [size: 10584064, type: 1, props: 1 / 1]
INFO         | Warning: Retrying to obtain clipboard. (:0, )
INFO         | IPv4 server found: 192.168.5.1
INFO         | Ignore IPv6 address: 6066:5428:1302:0:1050:5428:1302:0
INFO         | Ignore IPv6 address: 6066:5428:1302:0:1050:5428:1302:0
INFO         | Ignore IPv6 address: 6066:5428:1302:0:1050:5428:1302:0
INFO         | Ignore IPv6 address: 886c:5428:1302:0:1050:5428:1302:0
INFO         | Ignore IPv6 address: 886c:5428:1302:0:1050:5428:1302:0
INFO         | Ignore IPv6 address: 886c:5428:1302:0:1050:5428:1302:0
INFO         | Ignore IPv6 address: 987a:5428:1302:0:1050:5428:1302:0
INFO         | Ignore IPv6 address: 987a:5428:1302:0:1050:5428:1302:0
INFO         | Ignore IPv6 address: 987a:5428:1302:0:1050:5428:1302:0
INFO         | Ignore IPv6 address: c080:5428:1302:0:1050:5428:1302:0
INFO         | Ignore IPv6 address: c080:5428:1302:0:1050:5428:1302:0
INFO         | Ignore IPv6 address: c080:5428:1302:0:1050:5428:1302:0
INFO         | Ignore IPv6 address: 9888:5428:1302:0:1050:5428:1302:0
INFO         | Ignore IPv6 address: 9888:5428:1302:0:1050:5428:1302:0
INFO         | Ignore IPv6 address: 9888:5428:1302:0:1050:5428:1302:0
INFO         | IPv4 server found: 192.168.5.1
INFO         | Ignore IPv6 address: 6066:5428:1302:0:1050:5428:1302:0
INFO         | Ignore IPv6 address: 6066:5428:1302:0:1050:5428:1302:0
INFO         | Ignore IPv6 address: 6066:5428:1302:0:1050:5428:1302:0
INFO         | Ignore IPv6 address: 886c:5428:1302:0:1050:5428:1302:0
INFO         | Ignore IPv6 address: 886c:5428:1302:0:1050:5428:1302:0
INFO         | Ignore IPv6 address: 886c:5428:1302:0:1050:5428:1302:0
INFO         | Ignore IPv6 address: 987a:5428:1302:0:1050:5428:1302:0
INFO         | Ignore IPv6 address: 987a:5428:1302:0:1050:5428:1302:0
INFO         | Ignore IPv6 address: 987a:5428:1302:0:1050:5428:1302:0
INFO         | Ignore IPv6 address: c080:5428:1302:0:1050:5428:1302:0
INFO         | Ignore IPv6 address: c080:5428:1302:0:1050:5428:1302:0
INFO         | Ignore IPv6 address: c080:5428:1302:0:1050:5428:1302:0
INFO         | Ignore IPv6 address: 9888:5428:1302:0:1050:5428:1302:0
INFO         | Ignore IPv6 address: 9888:5428:1302:0:1050:5428:1302:0
INFO         | Ignore IPv6 address: 9888:5428:1302:0:1050:5428:1302:0
INFO         | IPv4 server found: 192.168.5.1
INFO         | Ignore IPv6 address: 6066:5428:1302:0:1050:5428:1302:0
INFO         | Ignore IPv6 address: 6066:5428:1302:0:1050:5428:1302:0
INFO         | Ignore IPv6 address: 6066:5428:1302:0:1050:5428:1302:0
INFO         | Ignore IPv6 address: 886c:5428:1302:0:1050:5428:1302:0
INFO         | Ignore IPv6 address: 886c:5428:1302:0:1050:5428:1302:0
INFO         | Ignore IPv6 address: 886c:5428:1302:0:1050:5428:1302:0
INFO         | Ignore IPv6 address: 987a:5428:1302:0:1050:5428:1302:0
INFO         | Ignore IPv6 address: 987a:5428:1302:0:1050:5428:1302:0
INFO         | Ignore IPv6 address: 987a:5428:1302:0:1050:5428:1302:0
INFO         | Ignore IPv6 address: c080:5428:1302:0:1050:5428:1302:0
INFO         | Ignore IPv6 address: c080:5428:1302:0:1050:5428:1302:0
INFO         | Ignore IPv6 address: c080:5428:1302:0:1050:5428:1302:0
INFO         | Ignore IPv6 address: 9888:5428:1302:0:1050:5428:1302:0
INFO         | Ignore IPv6 address: 9888:5428:1302:0:1050:5428:1302:0
INFO         | Ignore IPv6 address: 9888:5428:1302:0:1050:5428:1302:0
DEBUG   | call repost from subWindowRepaint callback
DEBUG   | Reposting framebuffer.
DEBUG   | Has last posted colorbuffer and is initialized; post.
DEBUG   | Waiting for exit signal RenderThread @00000213028C7CC0
DEBUG   | Waiting for exit signal RenderThread @00000213028C1190
DEBUG   | ColorBuffer 340, 1080x2400, VK_FORMAT_R8G8B8A8_UNORM, Memory [size: 10584064, type: 1, props: 1 / 1]
DEBUG   | ColorBuffer 342, 1080x2400, VK_FORMAT_R8G8B8A8_UNORM, Memory [size: 10584064, type: 1, props: 1 / 1]
DEBUG   | ColorBuffer 343, 1080x2400, VK_FORMAT_R8G8B8A8_UNORM, Memory [size: 10584064, type: 1, props: 1 / 1]
DEBUG   | ColorBuffer 344, 864x1920, VK_FORMAT_R8G8B8A8_UNORM, Memory [size: 6635520, type: 1, props: 1 / 1]
DEBUG   | ColorBuffer 345, 1080x2400, VK_FORMAT_R8G8B8A8_UNORM, Memory [size: 10584064, type: 1, props: 1 / 1]
DEBUG   | ColorBuffer 347, 1080x2400, VK_FORMAT_R8G8B8A8_UNORM, Memory [size: 10584064, type: 1, props: 1 / 1]
DEBUG   | ColorBuffer 348, 1080x2400, VK_FORMAT_R8G8B8A8_UNORM, Memory [size: 10584064, type: 1, props: 1 / 1]
DEBUG   | Exited a RenderThread @00000213028C1190
DEBUG   | Exited a RenderThread @00000213028C7CC0
DEBUG   | Started new RenderThread (total 25) @00000213028C8120
DEBUG   | ColorBuffer 351, 1x1, VK_FORMAT_R8G8B8A8_UNORM, Memory [size: 512, type: 1, props: 1 / 1]
DEBUG   | Started new RenderThread (total 26) @00000213282AE510
DEBUG   | ColorBuffer 352, 1080x2400, VK_FORMAT_R8G8B8A8_UNORM, Memory [size: 10584064, type: 1, props: 1 / 1]
DEBUG   | ColorBuffer 354, 1080x2400, VK_FORMAT_R8G8B8A8_UNORM, Memory [size: 10584064, type: 1, props: 1 / 1]
DEBUG   | ColorBuffer 355, 1080x2400, VK_FORMAT_R8G8B8A8_UNORM, Memory [size: 10584064, type: 1, props: 1 / 1]
DEBUG   | ColorBuffer 356, 1080x2400, VK_FORMAT_R8G8B8A8_UNORM, Memory [size: 10584064, type: 1, props: 1 / 1]
DEBUG   | Started new RenderThread (total 27) @00000213028C7E80
DEBUG   | Waiting for exit signal RenderThread @00000213028C7E80
INFO         | IPv4 server found: 192.168.5.1
INFO         | Ignore IPv6 address: 6066:5428:1302:0:1050:5428:1302:0
INFO         | Ignore IPv6 address: 6066:5428:1302:0:1050:5428:1302:0
INFO         | Ignore IPv6 address: 6066:5428:1302:0:1050:5428:1302:0
INFO         | Ignore IPv6 address: 886c:5428:1302:0:1050:5428:1302:0
INFO         | Ignore IPv6 address: 886c:5428:1302:0:1050:5428:1302:0
INFO         | Ignore IPv6 address: 886c:5428:1302:0:1050:5428:1302:0
INFO         | Ignore IPv6 address: 987a:5428:1302:0:1050:5428:1302:0
INFO         | Ignore IPv6 address: 987a:5428:1302:0:1050:5428:1302:0
INFO         | Ignore IPv6 address: 987a:5428:1302:0:1050:5428:1302:0
INFO         | Ignore IPv6 address: c080:5428:1302:0:1050:5428:1302:0
INFO         | Ignore IPv6 address: c080:5428:1302:0:1050:5428:1302:0
INFO         | Ignore IPv6 address: c080:5428:1302:0:1050:5428:1302:0
INFO         | Ignore IPv6 address: 9888:5428:1302:0:1050:5428:1302:0
INFO         | Ignore IPv6 address: 9888:5428:1302:0:1050:5428:1302:0
INFO         | Ignore IPv6 address: 9888:5428:1302:0:1050:5428:1302:0
INFO         | IPv4 server found: 192.168.5.1
INFO         | Ignore IPv6 address: 6066:5428:1302:0:1050:5428:1302:0
INFO         | Ignore IPv6 address: 6066:5428:1302:0:1050:5428:1302:0
INFO         | Ignore IPv6 address: 6066:5428:1302:0:1050:5428:1302:0
INFO         | Ignore IPv6 address: 886c:5428:1302:0:1050:5428:1302:0
INFO         | Ignore IPv6 address: 886c:5428:1302:0:1050:5428:1302:0
INFO         | Ignore IPv6 address: 886c:5428:1302:0:1050:5428:1302:0
INFO         | Ignore IPv6 address: 987a:5428:1302:0:1050:5428:1302:0
INFO         | Ignore IPv6 address: 987a:5428:1302:0:1050:5428:1302:0
INFO         | Ignore IPv6 address: 987a:5428:1302:0:1050:5428:1302:0
INFO         | Ignore IPv6 address: c080:5428:1302:0:1050:5428:1302:0
INFO         | Ignore IPv6 address: c080:5428:1302:0:1050:5428:1302:0
INFO         | Ignore IPv6 address: c080:5428:1302:0:1050:5428:1302:0
INFO         | Ignore IPv6 address: 9888:5428:1302:0:1050:5428:1302:0
INFO         | Ignore IPv6 address: 9888:5428:1302:0:1050:5428:1302:0
INFO         | Ignore IPv6 address: 9888:5428:1302:0:1050:5428:1302:0
INFO         | IPv4 server found: 192.168.5.1
INFO         | Ignore IPv6 address: 6066:5428:1302:0:1050:5428:1302:0
INFO         | Ignore IPv6 address: 6066:5428:1302:0:1050:5428:1302:0
INFO         | Ignore IPv6 address: 6066:5428:1302:0:1050:5428:1302:0
INFO         | Ignore IPv6 address: 886c:5428:1302:0:1050:5428:1302:0
INFO         | Ignore IPv6 address: 886c:5428:1302:0:1050:5428:1302:0
INFO         | Ignore IPv6 address: 886c:5428:1302:0:1050:5428:1302:0
INFO         | Ignore IPv6 address: 987a:5428:1302:0:1050:5428:1302:0
INFO         | Ignore IPv6 address: 987a:5428:1302:0:1050:5428:1302:0
INFO         | Ignore IPv6 address: 987a:5428:1302:0:1050:5428:1302:0
INFO         | Ignore IPv6 address: c080:5428:1302:0:1050:5428:1302:0
INFO         | Ignore IPv6 address: c080:5428:1302:0:1050:5428:1302:0
INFO         | Ignore IPv6 address: c080:5428:1302:0:1050:5428:1302:0
INFO         | Ignore IPv6 address: 9888:5428:1302:0:1050:5428:1302:0
INFO         | Ignore IPv6 address: 9888:5428:1302:0:1050:5428:1302:0
INFO         | Ignore IPv6 address: 9888:5428:1302:0:1050:5428:1302:0
DEBUG   | Waiting for exit signal RenderThread @00000213282AE510
DEBUG   | Waiting for exit signal RenderThread @00000213028C8120
DEBUG   | ColorBuffer 357, 1080x2400, VK_FORMAT_R8G8B8A8_UNORM, Memory [size: 10584064, type: 1, props: 1 / 1]
DEBUG   | ColorBuffer 359, 1080x2400, VK_FORMAT_R8G8B8A8_UNORM, Memory [size: 10584064, type: 1, props: 1 / 1]
DEBUG   | ColorBuffer 360, 1080x2400, VK_FORMAT_R8G8B8A8_UNORM, Memory [size: 10584064, type: 1, props: 1 / 1]
DEBUG   | ColorBuffer 361, 864x1920, VK_FORMAT_R8G8B8A8_UNORM, Memory [size: 6635520, type: 1, props: 1 / 1]
DEBUG   | ColorBuffer 362, 1080x2400, VK_FORMAT_R8G8B8A8_UNORM, Memory [size: 10584064, type: 1, props: 1 / 1]
DEBUG   | ColorBuffer 364, 1080x2400, VK_FORMAT_R8G8B8A8_UNORM, Memory [size: 10584064, type: 1, props: 1 / 1]
DEBUG   | ColorBuffer 365, 1080x2400, VK_FORMAT_R8G8B8A8_UNORM, Memory [size: 10584064, type: 1, props: 1 / 1]
DEBUG   | Exited a RenderThread @00000213028C8120
DEBUG   | Exited a RenderThread @00000213282AE510
DEBUG   | Exited a RenderThread @00000213028C7E80
DEBUG   | Started new RenderThread (total 25) @000002127102E1D0
DEBUG   | ColorBuffer 368, 1x1, VK_FORMAT_R8G8B8A8_UNORM, Memory [size: 512, type: 1, props: 1 / 1]
DEBUG   | Started new RenderThread (total 26) @000002127102E630
DEBUG   | ColorBuffer 369, 1080x2400, VK_FORMAT_R8G8B8A8_UNORM, Memory [size: 10584064, type: 1, props: 1 / 1]
DEBUG   | ColorBuffer 371, 1080x2400, VK_FORMAT_R8G8B8A8_UNORM, Memory [size: 10584064, type: 1, props: 1 / 1]
DEBUG   | ColorBuffer 372, 1080x2400, VK_FORMAT_R8G8B8A8_UNORM, Memory [size: 10584064, type: 1, props: 1 / 1]
DEBUG   | Waiting for exit signal RenderThread @000002127102E630
DEBUG   | Waiting for exit signal RenderThread @000002127102E1D0
DEBUG   | ColorBuffer 373, 1080x2400, VK_FORMAT_R8G8B8A8_UNORM, Memory [size: 10584064, type: 1, props: 1 / 1]
DEBUG   | ColorBuffer 375, 1080x2400, VK_FORMAT_R8G8B8A8_UNORM, Memory [size: 10584064, type: 1, props: 1 / 1]
DEBUG   | ColorBuffer 376, 1080x2400, VK_FORMAT_R8G8B8A8_UNORM, Memory [size: 10584064, type: 1, props: 1 / 1]
DEBUG   | ColorBuffer 377, 864x1920, VK_FORMAT_R8G8B8A8_UNORM, Memory [size: 6635520, type: 1, props: 1 / 1]
DEBUG   | ColorBuffer 378, 1080x2400, VK_FORMAT_R8G8B8A8_UNORM, Memory [size: 10584064, type: 1, props: 1 / 1]
DEBUG   | ColorBuffer 380, 1080x2400, VK_FORMAT_R8G8B8A8_UNORM, Memory [size: 10584064, type: 1, props: 1 / 1]
DEBUG   | ColorBuffer 381, 1080x2400, VK_FORMAT_R8G8B8A8_UNORM, Memory [size: 10584064, type: 1, props: 1 / 1]
DEBUG   | Exited a RenderThread @000002127102E1D0
DEBUG   | Exited a RenderThread @000002127102E630
DEBUG   | Started new RenderThread (total 25) @000002130259B400
DEBUG   | ColorBuffer 384, 1x1, VK_FORMAT_R8G8B8A8_UNORM, Memory [size: 512, type: 1, props: 1 / 1]
DEBUG   | Started new RenderThread (total 26) @000002130259B780
DEBUG   | ColorBuffer 385, 1080x2400, VK_FORMAT_R8G8B8A8_UNORM, Memory [size: 10584064, type: 1, props: 1 / 1]
DEBUG   | ColorBuffer 387, 1080x2400, VK_FORMAT_R8G8B8A8_UNORM, Memory [size: 10584064, type: 1, props: 1 / 1]
DEBUG   | ColorBuffer 388, 1080x2400, VK_FORMAT_R8G8B8A8_UNORM, Memory [size: 10584064, type: 1, props: 1 / 1]
INFO         | IPv4 server found: 192.168.5.1
INFO         | Ignore IPv6 address: 8037:4701:1302:0:3021:4701:1302:0
INFO         | Ignore IPv6 address: 8037:4701:1302:0:3021:4701:1302:0
INFO         | Ignore IPv6 address: 8037:4701:1302:0:3021:4701:1302:0
INFO         | Ignore IPv6 address: a83d:4701:1302:0:3021:4701:1302:0
INFO         | Ignore IPv6 address: a83d:4701:1302:0:3021:4701:1302:0
INFO         | Ignore IPv6 address: a83d:4701:1302:0:3021:4701:1302:0
INFO         | Ignore IPv6 address: b84b:4701:1302:0:3021:4701:1302:0
INFO         | Ignore IPv6 address: b84b:4701:1302:0:3021:4701:1302:0
INFO         | Ignore IPv6 address: b84b:4701:1302:0:3021:4701:1302:0
INFO         | Ignore IPv6 address: e051:4701:1302:0:3021:4701:1302:0
INFO         | Ignore IPv6 address: e051:4701:1302:0:3021:4701:1302:0
INFO         | Ignore IPv6 address: e051:4701:1302:0:3021:4701:1302:0
INFO         | Ignore IPv6 address: b859:4701:1302:0:3021:4701:1302:0
INFO         | Ignore IPv6 address: b859:4701:1302:0:3021:4701:1302:0
INFO         | Ignore IPv6 address: b859:4701:1302:0:3021:4701:1302:0
INFO         | IPv4 server found: 192.168.5.1
INFO         | Ignore IPv6 address: 8037:4701:1302:0:3021:4701:1302:0
INFO         | Ignore IPv6 address: 8037:4701:1302:0:3021:4701:1302:0
INFO         | Ignore IPv6 address: 8037:4701:1302:0:3021:4701:1302:0
INFO         | Ignore IPv6 address: a83d:4701:1302:0:3021:4701:1302:0
INFO         | Ignore IPv6 address: a83d:4701:1302:0:3021:4701:1302:0
INFO         | Ignore IPv6 address: a83d:4701:1302:0:3021:4701:1302:0
INFO         | Ignore IPv6 address: b84b:4701:1302:0:3021:4701:1302:0
INFO         | Ignore IPv6 address: b84b:4701:1302:0:3021:4701:1302:0
INFO         | Ignore IPv6 address: b84b:4701:1302:0:3021:4701:1302:0
INFO         | Ignore IPv6 address: e051:4701:1302:0:3021:4701:1302:0
INFO         | Ignore IPv6 address: e051:4701:1302:0:3021:4701:1302:0
INFO         | Ignore IPv6 address: e051:4701:1302:0:3021:4701:1302:0
INFO         | Ignore IPv6 address: b859:4701:1302:0:3021:4701:1302:0
INFO         | Ignore IPv6 address: b859:4701:1302:0:3021:4701:1302:0
INFO         | Ignore IPv6 address: b859:4701:1302:0:3021:4701:1302:0
INFO         | IPv4 server found: 192.168.5.1
INFO         | Ignore IPv6 address: 8037:4701:1302:0:3021:4701:1302:0
INFO         | Ignore IPv6 address: 8037:4701:1302:0:3021:4701:1302:0
INFO         | Ignore IPv6 address: 8037:4701:1302:0:3021:4701:1302:0
INFO         | Ignore IPv6 address: a83d:4701:1302:0:3021:4701:1302:0
INFO         | Ignore IPv6 address: a83d:4701:1302:0:3021:4701:1302:0
INFO         | Ignore IPv6 address: a83d:4701:1302:0:3021:4701:1302:0
INFO         | Ignore IPv6 address: b84b:4701:1302:0:3021:4701:1302:0
INFO         | Ignore IPv6 address: b84b:4701:1302:0:3021:4701:1302:0
INFO         | Ignore IPv6 address: b84b:4701:1302:0:3021:4701:1302:0
INFO         | Ignore IPv6 address: e051:4701:1302:0:3021:4701:1302:0
INFO         | Ignore IPv6 address: e051:4701:1302:0:3021:4701:1302:0
INFO         | Ignore IPv6 address: e051:4701:1302:0:3021:4701:1302:0
INFO         | Ignore IPv6 address: b859:4701:1302:0:3021:4701:1302:0
INFO         | Ignore IPv6 address: b859:4701:1302:0:3021:4701:1302:0
INFO         | Ignore IPv6 address: b859:4701:1302:0:3021:4701:1302:0
DEBUG   | Waiting for exit signal RenderThread @000002130259B780
DEBUG   | Waiting for exit signal RenderThread @000002130259B400
DEBUG   | ColorBuffer 389, 1080x2400, VK_FORMAT_R8G8B8A8_UNORM, Memory [size: 10584064, type: 1, props: 1 / 1]
DEBUG   | ColorBuffer 391, 1080x2400, VK_FORMAT_R8G8B8A8_UNORM, Memory [size: 10584064, type: 1, props: 1 / 1]
DEBUG   | ColorBuffer 392, 1080x2400, VK_FORMAT_R8G8B8A8_UNORM, Memory [size: 10584064, type: 1, props: 1 / 1]
DEBUG   | ColorBuffer 393, 864x1920, VK_FORMAT_R8G8B8A8_UNORM, Memory [size: 6635520, type: 1, props: 1 / 1]
DEBUG   | ColorBuffer 394, 1080x2400, VK_FORMAT_R8G8B8A8_UNORM, Memory [size: 10584064, type: 1, props: 1 / 1]
DEBUG   | ColorBuffer 396, 1080x2400, VK_FORMAT_R8G8B8A8_UNORM, Memory [size: 10584064, type: 1, props: 1 / 1]
DEBUG   | ColorBuffer 397, 1080x2400, VK_FORMAT_R8G8B8A8_UNORM, Memory [size: 10584064, type: 1, props: 1 / 1]
DEBUG   | Exited a RenderThread @000002130259B400
DEBUG   | Exited a RenderThread @000002130259B780
DEBUG   | Started new RenderThread (total 25) @0000021270CAF920
DEBUG   | ColorBuffer 400, 1x1, VK_FORMAT_R8G8B8A8_UNORM, Memory [size: 512, type: 1, props: 1 / 1]
DEBUG   | Started new RenderThread (total 26) @0000021270CAF680
DEBUG   | ColorBuffer 401, 1080x2400, VK_FORMAT_R8G8B8A8_UNORM, Memory [size: 10584064, type: 1, props: 1 / 1]
DEBUG   | ColorBuffer 403, 1080x2400, VK_FORMAT_R8G8B8A8_UNORM, Memory [size: 10584064, type: 1, props: 1 / 1]
DEBUG   | ColorBuffer 404, 1080x2400, VK_FORMAT_R8G8B8A8_UNORM, Memory [size: 10584064, type: 1, props: 1 / 1]
DEBUG   | Waiting for exit signal RenderThread @0000021270CAF680
DEBUG   | Waiting for exit signal RenderThread @0000021270CAF920
DEBUG   | ColorBuffer 405, 1080x2400, VK_FORMAT_R8G8B8A8_UNORM, Memory [size: 10584064, type: 1, props: 1 / 1]
DEBUG   | ColorBuffer 407, 1080x2400, VK_FORMAT_R8G8B8A8_UNORM, Memory [size: 10584064, type: 1, props: 1 / 1]
DEBUG   | ColorBuffer 408, 1080x2400, VK_FORMAT_R8G8B8A8_UNORM, Memory [size: 10584064, type: 1, props: 1 / 1]
DEBUG   | ColorBuffer 409, 864x1920, VK_FORMAT_R8G8B8A8_UNORM, Memory [size: 6635520, type: 1, props: 1 / 1]
DEBUG   | ColorBuffer 410, 1080x2400, VK_FORMAT_R8G8B8A8_UNORM, Memory [size: 10584064, type: 1, props: 1 / 1]
DEBUG   | ColorBuffer 412, 1080x2400, VK_FORMAT_R8G8B8A8_UNORM, Memory [size: 10584064, type: 1, props: 1 / 1]
DEBUG   | ColorBuffer 413, 1080x2400, VK_FORMAT_R8G8B8A8_UNORM, Memory [size: 10584064, type: 1, props: 1 / 1]
DEBUG   | Exited a RenderThread @0000021270CAF920
DEBUG   | Exited a RenderThread @0000021270CAF680
DEBUG   | Started new RenderThread (total 25) @00000213028B3810
DEBUG   | ColorBuffer 416, 1x1, VK_FORMAT_R8G8B8A8_UNORM, Memory [size: 512, type: 1, props: 1 / 1]
DEBUG   | Started new RenderThread (total 26) @00000213026046F0
DEBUG   | ColorBuffer 417, 1080x2400, VK_FORMAT_R8G8B8A8_UNORM, Memory [size: 10584064, type: 1, props: 1 / 1]
DEBUG   | ColorBuffer 419, 1080x2400, VK_FORMAT_R8G8B8A8_UNORM, Memory [size: 10584064, type: 1, props: 1 / 1]
DEBUG   | ColorBuffer 420, 1080x2400, VK_FORMAT_R8G8B8A8_UNORM, Memory [size: 10584064, type: 1, props: 1 / 1]
DEBUG   | Waiting for exit signal RenderThread @00000212FE4C3120
DEBUG   | Waiting for exit signal RenderThread @0000021300297CA0
DEBUG  DEBUG   |  | Waiting for exit signal RenderThread @0000021328262B40
Waiting for exit signal RenderThread @00000213282628A0
DEBUG   | Waiting for exit signal RenderThread @00000213028B39D0
DEBUG   | Waiting for exit signal RenderThread @00000212FE4C39E0
DEBUG   | Waiting for exit signal RenderThread @00000212FE4C3900
INFO         | Destroyed VkDevice:00000212174B00D0
INFO         | Destroyed VkInstance:00000213001719E0 for application:'Chromium' engine:''.
DEBUG   | Unregistering VkInstance 2280629148128, total is 0
VERBOSE | destroyInstanceObjects: Global boxed handles count = 58
DEBUG   | Waiting for exit signal RenderThread @00000213026046F0
DEBUG   | Waiting for exit signal RenderThread @00000213028B3810
DEBUG   | ColorBuffer 421, 1080x2400, VK_FORMAT_R8G8B8A8_UNORM, Memory [size: 10584064, type: 1, props: 1 / 1]
DEBUG   | ColorBuffer 423, 1080x2400, VK_FORMAT_R8G8B8A8_UNORM, Memory [size: 10584064, type: 1, props: 1 / 1]
DEBUG   | ColorBuffer 424, 1080x2400, VK_FORMAT_R8G8B8A8_UNORM, Memory [size: 10584064, type: 1, props: 1 / 1]
DEBUG   | ColorBuffer 425, 864x1920, VK_FORMAT_R8G8B8A8_UNORM, Memory [size: 6635520, type: 1, props: 1 / 1]
DEBUG   | ColorBuffer 426, 1080x2400, VK_FORMAT_R8G8B8A8_UNORM, Memory [size: 10584064, type: 1, props: 1 / 1]
DEBUG   | ColorBuffer 428, 1080x2400, VK_FORMAT_R8G8B8A8_UNORM, Memory [size: 10584064, type: 1, props: 1 / 1]
DEBUG   | ColorBuffer 429, 1080x2400, VK_FORMAT_R8G8B8A8_UNORM, Memory [size: 10584064, type: 1, props: 1 / 1]
DEBUG   | Exited a RenderThread @00000212FE4C3120
DEBUG   | Exited a RenderThread @00000212FE4C3900
DEBUG   | Exited a RenderThread @00000212FE4C39E0
DEBUG   | Exited a RenderThread @00000213028B39D0
DEBUG   | Exited a RenderThread @00000213282628A0
DEBUG   | Exited a RenderThread @0000021328262B40
DEBUG   | Exited a RenderThread @0000021300297CA0
DEBUG   | Exited a RenderThread @00000213028B3810
DEBUG   | Exited a RenderThread @00000213026046F0
DEBUG   | Started new RenderThread (total 18) @000002130276FAC0
DEBUG   | ColorBuffer 432, 1x1, VK_FORMAT_R8G8B8A8_UNORM, Memory [size: 512, type: 1, props: 1 / 1]
DEBUG   | Started new RenderThread (total 19) @00000212FE4C5500
DEBUG   | ColorBuffer 433, 1080x2400, VK_FORMAT_R8G8B8A8_UNORM, Memory [size: 10584064, type: 1, props: 1 / 1]
DEBUG   | ColorBuffer 435, 1080x2400, VK_FORMAT_R8G8B8A8_UNORM, Memory [size: 10584064, type: 1, props: 1 / 1]
DEBUG   | ColorBuffer 436, 1080x2400, VK_FORMAT_R8G8B8A8_UNORM, Memory [size: 10584064, type: 1, props: 1 / 1]
DEBUG   | ColorBuffer 437, 640x480, VK_FORMAT_G8_B8_R8_3PLANE_420_UNORM, Memory [size: 589824, type: 1, props: 1 / 1]
DEBUG   | Started new RenderThread (total 20) @0000021271057400
DEBUG   | ColorBuffer 438, 2x2, VK_FORMAT_G8_B8_R8_3PLANE_420_UNORM, Memory [size: 196608, type: 1, props: 1 / 1]
DEBUG   | successfully created cuda video decoder for H264, with gpu texture mode on
DEBUG   | ColorBuffer 439, 3840x2160, VK_FORMAT_G8_B8_R8_3PLANE_420_UNORM, Memory [size: 12845056, type: 1, props: 1 / 1]
DEBUG   | ColorBuffer 440, 3840x2160, VK_FORMAT_G8_B8_R8_3PLANE_420_UNORM, Memory [size: 12845056, type: 1, props: 1 / 1]
DEBUG   | ColorBuffer 441, 3840x2160, VK_FORMAT_G8_B8_R8_3PLANE_420_UNORM, Memory [size: 12845056, type: 1, props: 1 / 1]
DEBUG   | ColorBuffer 442, 3840x2160, VK_FORMAT_G8_B8_R8_3PLANE_420_UNORM, Memory [size: 12845056, type: 1, props: 1 / 1]
DEBUG   | ColorBuffer 443, 3840x2160, VK_FORMAT_G8_B8_R8_3PLANE_420_UNORM, Memory [size: 12845056, type: 1, props: 1 / 1]
DEBUG   | ColorBuffer 444, 3840x2160, VK_FORMAT_G8_B8_R8_3PLANE_420_UNORM, Memory [size: 12845056, type: 1, props: 1 / 1]
DEBUG   | ColorBuffer 445, 3840x2160, VK_FORMAT_G8_B8_R8_3PLANE_420_UNORM, Memory [size: 12845056, type: 1, props: 1 / 1]
DEBUG   | ColorBuffer 446, 1080x2400, VK_FORMAT_R8G8B8A8_UNORM, Memory [size: 10584064, type: 1, props: 1 / 1]
DEBUG   | Started new RenderThread (total 21) @0000021271057320
DEBUG   | Waiting for exit signal RenderThread @0000021271057320
DEBUG   | ColorBuffer 447, 3840x2160, VK_FORMAT_G8_B8_R8_3PLANE_420_UNORM, Memory [size: 12845056, type: 1, props: 1 / 1]
DEBUG   | ColorBuffer 448, 3840x2160, VK_FORMAT_G8_B8_R8_3PLANE_420_UNORM, Memory [size: 12845056, type: 1, props: 1 / 1]
DEBUG   | Waiting for exit signal RenderThread @00000212FE4C5500
DEBUG   | Waiting for exit signal RenderThread @000002130276FAC0
DEBUG   | ColorBuffer 449, 1080x2400, VK_FORMAT_R8G8B8A8_UNORM, Memory [size: 10584064, type: 1, props: 1 / 1]
DEBUG   | ColorBuffer 451, 1080x2400, VK_FORMAT_R8G8B8A8_UNORM, Memory [size: 10584064, type: 1, props: 1 / 1]
DEBUG   | ColorBuffer 452, 1080x2400, VK_FORMAT_R8G8B8A8_UNORM, Memory [size: 10584064, type: 1, props: 1 / 1]
DEBUG   | ColorBuffer 453, 864x1920, VK_FORMAT_R8G8B8A8_UNORM, Memory [size: 6635520, type: 1, props: 1 / 1]
DEBUG   | ColorBuffer 454, 1080x2400, VK_FORMAT_R8G8B8A8_UNORM, Memory [size: 10584064, type: 1, props: 1 / 1]
DEBUG   | ColorBuffer 456, 1080x2400, VK_FORMAT_R8G8B8A8_UNORM, Memory [size: 10584064, type: 1, props: 1 / 1]
DEBUG   | ColorBuffer 457, 1080x2400, VK_FORMAT_R8G8B8A8_UNORM, Memory [size: 10584064, type: 1, props: 1 / 1]
DEBUG   | Exited a RenderThread @000002130276FAC0
DEBUG   | Exited a RenderThread @00000212FE4C5500
DEBUG   | Exited a RenderThread @0000021271057320
DEBUG   | Started new RenderThread (total 19) @00000212710574E0
DEBUG   | ColorBuffer 460, 1x1, VK_FORMAT_R8G8B8A8_UNORM, Memory [size: 512, type: 1, props: 1 / 1]
DEBUG   | Started new RenderThread (total 20) @00000212710576A0
DEBUG   | ColorBuffer 461, 1080x2400, VK_FORMAT_R8G8B8A8_UNORM, Memory [size: 10584064, type: 1, props: 1 / 1]
DEBUG   | ColorBuffer 463, 1080x2400, VK_FORMAT_R8G8B8A8_UNORM, Memory [size: 10584064, type: 1, props: 1 / 1]
DEBUG   | ColorBuffer 464, 1080x2400, VK_FORMAT_R8G8B8A8_UNORM, Memory [size: 10584064, type: 1, props: 1 / 1]
DEBUG   | ColorBuffer 465, 640x480, VK_FORMAT_G8_B8_R8_3PLANE_420_UNORM, Memory [size: 589824, type: 1, props: 1 / 1]
DEBUG   | ColorBuffer 466, 2x2, VK_FORMAT_G8_B8_R8_3PLANE_420_UNORM, Memory [size: 196608, type: 1, props: 1 / 1]
DEBUG   | successfully created cuda video decoder for H264, with gpu texture mode on
DEBUG   | ColorBuffer 467, 3840x2160, VK_FORMAT_G8_B8_R8_3PLANE_420_UNORM, Memory [size: 12845056, type: 1, props: 1 / 1]
DEBUG   | ColorBuffer 468, 3840x2160, VK_FORMAT_G8_B8_R8_3PLANE_420_UNORM, Memory [size: 12845056, type: 1, props: 1 / 1]
DEBUG   | ColorBuffer 469, 3840x2160, VK_FORMAT_G8_B8_R8_3PLANE_420_UNORM, Memory [size: 12845056, type: 1, props: 1 / 1]
DEBUG   | ColorBuffer 470, 3840x2160, VK_FORMAT_G8_B8_R8_3PLANE_420_UNORM, Memory [size: 12845056, type: 1, props: 1 / 1]
DEBUG   | ColorBuffer 471, 3840x2160, VK_FORMAT_G8_B8_R8_3PLANE_420_UNORM, Memory [size: 12845056, type: 1, props: 1 / 1]
DEBUG   | ColorBuffer 472, 3840x2160, VK_FORMAT_G8_B8_R8_3PLANE_420_UNORM, Memory [size: 12845056, type: 1, props: 1 / 1]
DEBUG   | call repost from subWindowRepaint callback
DEBUG   | Reposting framebuffer.
DEBUG   | Has last posted colorbuffer and is initialized; post.
DEBUG   | ColorBuffer 473, 1080x2400, VK_FORMAT_R8G8B8A8_UNORM, Memory [size: 10584064, type: 1, props: 1 / 1]
DEBUG   | ColorBuffer 475, 1080x2400, VK_FORMAT_R8G8B8A8_UNORM, Memory [size: 10584064, type: 1, props: 1 / 1]
DEBUG   | ColorBuffer 476, 1080x2400, VK_FORMAT_R8G8B8A8_UNORM, Memory [size: 10584064, type: 1, props: 1 / 1]
DEBUG   | ColorBuffer 477, 3840x2160, VK_FORMAT_G8_B8_R8_3PLANE_420_UNORM, Memory [size: 12845056, type: 1, props: 1 / 1]
DEBUG   | ColorBuffer 478, 640x480, VK_FORMAT_G8_B8_R8_3PLANE_420_UNORM, Memory [size: 589824, type: 1, props: 1 / 1]
DEBUG   | ColorBuffer 479, 2x2, VK_FORMAT_G8_B8_R8_3PLANE_420_UNORM, Memory [size: 196608, type: 1, props: 1 / 1]
DEBUG   | successfully created cuda video decoder for H264, with gpu texture mode on
DEBUG   | ColorBuffer 480, 3840x2160, VK_FORMAT_G8_B8_R8_3PLANE_420_UNORM, Memory [size: 12845056, type: 1, props: 1 / 1]
DEBUG   | ColorBuffer 481, 3840x2160, VK_FORMAT_G8_B8_R8_3PLANE_420_UNORM, Memory [size: 12845056, type: 1, props: 1 / 1]
DEBUG   | ColorBuffer 482, 3840x2160, VK_FORMAT_G8_B8_R8_3PLANE_420_UNORM, Memory [size: 12845056, type: 1, props: 1 / 1]
DEBUG   | ColorBuffer 483, 3840x2160, VK_FORMAT_G8_B8_R8_3PLANE_420_UNORM, Memory [size: 12845056, type: 1, props: 1 / 1]
DEBUG   | ColorBuffer 484, 3840x2160, VK_FORMAT_G8_B8_R8_3PLANE_420_UNORM, Memory [size: 12845056, type: 1, props: 1 / 1]
DEBUG   | ColorBuffer 485, 3840x2160, VK_FORMAT_G8_B8_R8_3PLANE_420_UNORM, Memory [size: 12845056, type: 1, props: 1 / 1]
DEBUG   | ColorBuffer 486, 3840x2160, VK_FORMAT_G8_B8_R8_3PLANE_420_UNORM, Memory [size: 12845056, type: 1, props: 1 / 1]
DEBUG   | ColorBuffer 487, 3840x2160, VK_FORMAT_G8_B8_R8_3PLANE_420_UNORM, Memory [size: 12845056, type: 1, props: 1 / 1]
DEBUG   | adisplay_init: Creating skin display surface 2400x1080
DEBUG   | Sending CMD_REPAINT to reposting thread
DEBUG   | Sending CMD_REPAINT to reposting thread
DEBUG   | Reposting framebuffer.
DEBUG   | Has last posted colorbuffer and is initialized; post.
DEBUG   | Reposting thread dequeueing a CMD_REPAINT
DEBUG   | Reposting framebuffer.
DEBUG   | Has last posted colorbuffer and is initialized; post.
DEBUG   | call repost from subWindowRepaint callback
DEBUG   | Reposting framebuffer.
DEBUG   | Has last posted colorbuffer and is initialized; post.
DEBUG   | Reposting thread dequeueing a CMD_REPAINT
DEBUG   | Reposting framebuffer.
DEBUG   | Has last posted colorbuffer and is initialized; post.
DEBUG   | Begin setupSubWindow
DEBUG   | setupSubwindow: draw last posted cb
DEBUG   | Exit setupSubWindow (successful setup)
DEBUG   | Begin setupSubWindow
DEBUG   | Exit setupSubWindow (nothing to do)
DEBUG   | call repost from subWindowRepaint callback
DEBUG   | Reposting framebuffer.
DEBUG   | Has last posted colorbuffer and is initialized; post.
DEBUG   | Sending CMD_REPAINT to reposting thread
DEBUG   | Reposting thread dequeueing a CMD_REPAINT
DEBUG   | Reposting framebuffer.
DEBUG   | Has last posted colorbuffer and is initialized; post.
DEBUG   | call repost from subWindowRepaint callback
DEBUG   | Reposting framebuffer.
DEBUG   | Has last posted colorbuffer and is initialized; post.
DEBUG   | Begin setupSubWindow
DEBUG   | Exit setupSubWindow (nothing to do)
DEBUG   | Begin setupSubWindow
DEBUG   | Exit setupSubWindow (nothing to do)
DEBUG   | ColorBuffer 488, 1080x2400, VK_FORMAT_R8G8B8A8_UNORM, Memory [size: 10584064, type: 1, props: 1 / 1]
DEBUG   | ColorBuffer 489, 2400x1080, VK_FORMAT_R8G8B8A8_UNORM, Memory [size: 11059200, type: 1, props: 1 / 1]
DEBUG   | ColorBuffer 491, 2400x1080, VK_FORMAT_R8G8B8A8_UNORM, Memory [size: 11059200, type: 1, props: 1 / 1]
DEBUG   | ColorBuffer 492, 2x2, VK_FORMAT_R8G8B8A8_UNORM, Memory [size: 512, type: 1, props: 1 / 1]
DEBUG   | Sending CMD_REPAINT to reposting thread
DEBUG   | Reposting thread dequeueing a CMD_REPAINT
DEBUG   | Reposting framebuffer.
DEBUG   | Has last posted colorbuffer and is initialized; post.
DEBUG   | Begin setupSubWindow
DEBUG   | Exit setupSubWindow (nothing to do)
DEBUG   | Begin setupSubWindow
DEBUG   | Exit setupSubWindow (nothing to do)
DEBUG   | ColorBuffer 494, 2x2, VK_FORMAT_R8G8B8A8_UNORM, Memory [size: 512, type: 1, props: 1 / 1]
DEBUG   | ColorBuffer 495, 144x1080, VK_FORMAT_R8G8B8A8_UNORM, Memory [size: 663552, type: 1, props: 1 / 1]
DEBUG   | ColorBuffer 497, 2400x63, VK_FORMAT_R8G8B8A8_UNORM, Memory [size: 614400, type: 1, props: 1 / 1]
DEBUG   | ColorBuffer 499, 144x1080, VK_FORMAT_R8G8B8A8_UNORM, Memory [size: 663552, type: 1, props: 1 / 1]
DEBUG   | ColorBuffer 500, 2400x63, VK_FORMAT_R8G8B8A8_UNORM, Memory [size: 614400, type: 1, props: 1 / 1]
DEBUG   | ColorBuffer 501, 53x1080, VK_FORMAT_R8G8B8A8_UNORM, Memory [size: 294912, type: 1, props: 1 / 1]
DEBUG   | ColorBuffer 503, 53x1080, VK_FORMAT_R8G8B8A8_UNORM, Memory [size: 294912, type: 1, props: 1 / 1]
DEBUG   | ColorBuffer 504, 2400x63, VK_FORMAT_R8G8B8A8_UNORM, Memory [size: 614400, type: 1, props: 1 / 1]
DEBUG   | ColorBuffer 505, 48x48, VK_FORMAT_R8G8B8A8_UNORM, Memory [size: 12288, type: 1, props: 1 / 1]
DEBUG   | ColorBuffer 507, 48x48, VK_FORMAT_R8G8B8A8_UNORM, Memory [size: 12288, type: 1, props: 1 / 1]
DEBUG   | ColorBuffer 508, 144x1080, VK_FORMAT_R8G8B8A8_UNORM, Memory [size: 663552, type: 1, props: 1 / 1]
DEBUG   | ColorBuffer 509, 42x42, VK_FORMAT_R8G8B8A8_UNORM, Memory [size: 12288, type: 1, props: 1 / 1]
DEBUG   | ColorBuffer 511, 42x42, VK_FORMAT_R8G8B8A8_UNORM, Memory [size: 12288, type: 1, props: 1 / 1]
DEBUG   | ColorBuffer 512, 53x1080, VK_FORMAT_R8G8B8A8_UNORM, Memory [size: 294912, type: 1, props: 1 / 1]
DEBUG   | ColorBuffer 513, 2400x63, VK_FORMAT_R8G8B8A8_UNORM, Memory [size: 614400, type: 1, props: 1 / 1]
DEBUG   | ColorBuffer 515, 2400x63, VK_FORMAT_R8G8B8A8_UNORM, Memory [size: 614400, type: 1, props: 1 / 1]
DEBUG   | ColorBuffer 516, 2400x1080, VK_FORMAT_R8G8B8A8_UNORM, Memory [size: 11059200, type: 1, props: 1 / 1]
DEBUG   | ColorBuffer 517, 389x630, VK_FORMAT_R8G8B8A8_UNORM, Memory [size: 1024000, type: 1, props: 1 / 1]
DEBUG   | ColorBuffer 519, 389x630, VK_FORMAT_R8G8B8A8_UNORM, Memory [size: 1024000, type: 1, props: 1 / 1]
DEBUG   | ColorBuffer 520, 389x630, VK_FORMAT_R8G8B8A8_UNORM, Memory [size: 1024000, type: 1, props: 1 / 1]
DEBUG   | ColorBuffer 521, 2400x1080, VK_FORMAT_R8G8B8A8_UNORM, Memory [size: 11059200, type: 1, props: 1 / 1]
DEBUG   | ColorBuffer 523, 2400x1080, VK_FORMAT_R8G8B8A8_UNORM, Memory [size: 11059200, type: 1, props: 1 / 1]
DEBUG   | ColorBuffer 524, 2400x1080, VK_FORMAT_R8G8B8A8_UNORM, Memory [size: 11059200, type: 1, props: 1 / 1]
DEBUG   | call repost from subWindowRepaint callback
DEBUG   | Reposting framebuffer.
DEBUG   | Has last posted colorbuffer and is initialized; post.
DEBUG   | adisplay_init: Creating skin display surface 1080x2400
DEBUG   | Sending CMD_REPAINT to reposting thread
DEBUG   | Sending CMD_REPAINT to reposting thread
DEBUG   | Reposting thread dequeueing a CMD_REPAINT
DEBUG   | Reposting framebuffer.
DEBUG   | Has last posted colorbuffer and is initialized; post.
DEBUG   | call repost from subWindowRepaint callback
DEBUG   | Reposting framebuffer.
DEBUG   | Has last posted colorbuffer and is initialized; post.
DEBUG   | Reposting thread dequeueing a CMD_REPAINT
DEBUG   | Reposting framebuffer.
DEBUG   | Has last posted colorbuffer and is initialized; post.
DEBUG   | Begin setupSubWindow
DEBUG   | setupSubwindow: draw last posted cb
DEBUG   | Exit setupSubWindow (successful setup)
DEBUG   | Begin setupSubWindow
DEBUG   | Exit setupSubWindow (nothing to do)
DEBUG   | call repost from subWindowRepaint callback
DEBUG   | Reposting framebuffer.
DEBUG   | Has last posted colorbuffer and is initialized; post.
DEBUG   | Sending CMD_REPAINT to reposting thread
DEBUG   | Reposting thread dequeueing a CMD_REPAINT
DEBUG   | Reposting framebuffer.
DEBUG   | Has last posted colorbuffer and is initialized; post.
DEBUG   | call repost from subWindowRepaint callback
DEBUG   | Reposting framebuffer.
DEBUG   | Has last posted colorbuffer and is initialized; post.
DEBUG   | Begin setupSubWindow
DEBUG   | setupSubwindow: draw last posted cb
DEBUG   | Exit setupSubWindow (successful setup)
DEBUG   | Begin setupSubWindow
DEBUG   | Exit setupSubWindow (nothing to do)
DEBUG   | Begin setupSubWindow
DEBUG   | Exit setupSubWindow (nothing to do)
DEBUG   | call repost from subWindowRepaint callback
DEBUG   | Reposting framebuffer.
DEBUG   | Has last posted colorbuffer and is initialized; post.
DEBUG   | ColorBuffer 525, 2400x1080, VK_FORMAT_R8G8B8A8_UNORM, Memory [size: 11059200, type: 1, props: 1 / 1]
DEBUG   | ColorBuffer 526, 2x2, VK_FORMAT_R8G8B8A8_UNORM, Memory [size: 512, type: 1, props: 1 / 1]
DEBUG   | ColorBuffer 528, 2x2, VK_FORMAT_R8G8B8A8_UNORM, Memory [size: 512, type: 1, props: 1 / 1]
DEBUG   | ColorBuffer 529, 1080x2400, VK_FORMAT_R8G8B8A8_UNORM, Memory [size: 10584064, type: 1, props: 1 / 1]
DEBUG   | ColorBuffer 530, 1080x128, VK_FORMAT_R8G8B8A8_UNORM, Memory [size: 557056, type: 1, props: 1 / 1]
DEBUG   | ColorBuffer 533, 1080x2400, VK_FORMAT_R8G8B8A8_UNORM, Memory [size: 10584064, type: 1, props: 1 / 1]
DEBUG   | Sending CMD_REPAINT to reposting thread
DEBUG   | Reposting thread dequeueing a CMD_REPAINT
DEBUG   | Reposting framebuffer.
DEBUG   | Has last posted colorbuffer and is initialized; post.
DEBUG   | Begin setupSubWindow
DEBUG   | Exit setupSubWindow (nothing to do)
DEBUG   | Begin setupSubWindow
DEBUG   | Exit setupSubWindow (nothing to do)
DEBUG   | ColorBuffer 534, 1080x128, VK_FORMAT_R8G8B8A8_UNORM, Memory [size: 557056, type: 1, props: 1 / 1]
DEBUG   | ColorBuffer 535, 1080x63, VK_FORMAT_R8G8B8A8_UNORM, Memory [size: 278528, type: 1, props: 1 / 1]
DEBUG   | ColorBuffer 537, 1080x128, VK_FORMAT_R8G8B8A8_UNORM, Memory [size: 557056, type: 1, props: 1 / 1]
DEBUG   | ColorBuffer 539, 1080x63, VK_FORMAT_R8G8B8A8_UNORM, Memory [size: 278528, type: 1, props: 1 / 1]
DEBUG   | ColorBuffer 540, 1080x128, VK_FORMAT_R8G8B8A8_UNORM, Memory [size: 557056, type: 1, props: 1 / 1]
DEBUG   | ColorBuffer 541, 1080x63, VK_FORMAT_R8G8B8A8_UNORM, Memory [size: 278528, type: 1, props: 1 / 1]
DEBUG   | ColorBuffer 543, 1080x63, VK_FORMAT_R8G8B8A8_UNORM, Memory [size: 278528, type: 1, props: 1 / 1]
DEBUG   | ColorBuffer 544, 1080x128, VK_FORMAT_R8G8B8A8_UNORM, Memory [size: 557056, type: 1, props: 1 / 1]
DEBUG   | ColorBuffer 545, 1080x128, VK_FORMAT_R8G8B8A8_UNORM, Memory [size: 557056, type: 1, props: 1 / 1]
DEBUG   | ColorBuffer 546, 1080x63, VK_FORMAT_R8G8B8A8_UNORM, Memory [size: 278528, type: 1, props: 1 / 1]
DEBUG   | ColorBuffer 547, 1080x2400, VK_FORMAT_R8G8B8A8_UNORM, Memory [size: 10584064, type: 1, props: 1 / 1]
DEBUG   | Started new RenderThread (total 21) @000002130080CB00
DEBUG   | Waiting for exit signal RenderThread @000002130080CB00
DEBUG   | ColorBuffer 548, 1080x2400, VK_FORMAT_R8G8B8A8_UNORM, Memory [size: 10584064, type: 1, props: 1 / 1]
DEBUG   | ColorBuffer 549, 1080x2400, VK_FORMAT_R8G8B8A8_UNORM, Memory [size: 10584064, type: 1, props: 1 / 1]
DEBUG   | Exited a RenderThread @000002130080CB00
DEBUG   | Started new RenderThread (total 21) @00000213028665B0
DEBUG   | Waiting for exit signal RenderThread @00000213028665B0
DEBUG   | call repost from subWindowRepaint callback
DEBUG   | Reposting framebuffer.
DEBUG   | Has last posted colorbuffer and is initialized; post.
DEBUG   | call repost from subWindowRepaint callback
DEBUG   | Reposting framebuffer.
DEBUG   | Has last posted colorbuffer and is initialized; post.
DEBUG   | adisplay_init: Creating skin display surface 2400x1080
DEBUG   | Sending CMD_REPAINT to reposting thread
DEBUG   | Sending CMD_REPAINT to reposting thread
DEBUG   | Reposting thread dequeueing a CMD_REPAINT
DEBUG   | Reposting framebuffer.
DEBUG   | Has last posted colorbuffer and is initialized; post.
DEBUG   | Reposting thread dequeueing a CMD_REPAINT
DEBUG   | Reposting framebuffer.
DEBUG   | Has last posted colorbuffer and is initialized; post.
DEBUG   | call repost from subWindowRepaint callback
DEBUG   | Reposting framebuffer.
DEBUG   | Has last posted colorbuffer and is initialized; post.
DEBUG   | Begin setupSubWindow
DEBUG   | setupSubwindow: draw last posted cb
DEBUG   | Exit setupSubWindow (successful setup)
DEBUG   | Begin setupSubWindow
DEBUG   | Exit setupSubWindow (nothing to do)
DEBUG   | call repost from subWindowRepaint callback
DEBUG   | Reposting framebuffer.
DEBUG   | Has last posted colorbuffer and is initialized; post.
DEBUG   | Sending CMD_REPAINT to reposting thread
DEBUG   | Reposting thread dequeueing a CMD_REPAINT
DEBUG   | Reposting framebuffer.
DEBUG   | Has last posted colorbuffer and is initialized; post.
DEBUG   | call repost from subWindowRepaint callback
DEBUG   | Reposting framebuffer.
DEBUG   | Has last posted colorbuffer and is initialized; post.
DEBUG   | Begin setupSubWindow
DEBUG   | Exit setupSubWindow (nothing to do)
DEBUG   | Begin setupSubWindow
DEBUG   | Exit setupSubWindow (nothing to do)
DEBUG   | ColorBuffer 550, 1080x2400, VK_FORMAT_R8G8B8A8_UNORM, Memory [size: 10584064, type: 1, props: 1 / 1]
DEBUG   | ColorBuffer 551, 2x2, VK_FORMAT_R8G8B8A8_UNORM, Memory [size: 512, type: 1, props: 1 / 1]
DEBUG   | ColorBuffer 553, 2x2, VK_FORMAT_R8G8B8A8_UNORM, Memory [size: 512, type: 1, props: 1 / 1]
DEBUG   | ColorBuffer 554, 2400x1080, VK_FORMAT_R8G8B8A8_UNORM, Memory [size: 11059200, type: 1, props: 1 / 1]
DEBUG   | ColorBuffer 556, 2400x1080, VK_FORMAT_R8G8B8A8_UNORM, Memory [size: 11059200, type: 1, props: 1 / 1]
DEBUG   | Sending CMD_REPAINT to reposting thread
DEBUG   | Reposting thread dequeueing a CMD_REPAINT
DEBUG   | Reposting framebuffer.
DEBUG   | Has last posted colorbuffer and is initialized; post.
DEBUG   | Begin setupSubWindow
DEBUG   | Exit setupSubWindow (nothing to do)
DEBUG   | Begin setupSubWindow
DEBUG   | Exit setupSubWindow (nothing to do)
DEBUG   | ColorBuffer 557, 144x1080, VK_FORMAT_R8G8B8A8_UNORM, Memory [size: 663552, type: 1, props: 1 / 1]
DEBUG   | ColorBuffer 559, 2400x1080, VK_FORMAT_R8G8B8A8_UNORM, Memory [size: 11059200, type: 1, props: 1 / 1]
DEBUG   | ColorBuffer 560, 48x48, VK_FORMAT_R8G8B8A8_UNORM, Memory [size: 12288, type: 1, props: 1 / 1]
DEBUG   | ColorBuffer 561, 144x1080, VK_FORMAT_R8G8B8A8_UNORM, Memory [size: 663552, type: 1, props: 1 / 1]
DEBUG   | ColorBuffer 563, 48x48, VK_FORMAT_R8G8B8A8_UNORM, Memory [size: 12288, type: 1, props: 1 / 1]
DEBUG   | ColorBuffer 564, 2400x63, VK_FORMAT_R8G8B8A8_UNORM, Memory [size: 614400, type: 1, props: 1 / 1]
DEBUG   | ColorBuffer 566, 42x42, VK_FORMAT_R8G8B8A8_UNORM, Memory [size: 12288, type: 1, props: 1 / 1]
DEBUG   | ColorBuffer 568, 53x1080, VK_FORMAT_R8G8B8A8_UNORM, Memory [size: 294912, type: 1, props: 1 / 1]
DEBUG   | ColorBuffer 570, 42x42, VK_FORMAT_R8G8B8A8_UNORM, Memory [size: 12288, type: 1, props: 1 / 1]
DEBUG   | ColorBuffer 571, 2400x63, VK_FORMAT_R8G8B8A8_UNORM, Memory [size: 614400, type: 1, props: 1 / 1]
DEBUG   | ColorBuffer 573, 2400x63, VK_FORMAT_R8G8B8A8_UNORM, Memory [size: 614400, type: 1, props: 1 / 1]
DEBUG   | ColorBuffer 574, 53x1080, VK_FORMAT_R8G8B8A8_UNORM, Memory [size: 294912, type: 1, props: 1 / 1]
DEBUG   | ColorBuffer 575, 2400x63, VK_FORMAT_R8G8B8A8_UNORM, Memory [size: 614400, type: 1, props: 1 / 1]
DEBUG   | ColorBuffer 576, 2400x63, VK_FORMAT_R8G8B8A8_UNORM, Memory [size: 614400, type: 1, props: 1 / 1]
DEBUG   | ColorBuffer 577, 144x1080, VK_FORMAT_R8G8B8A8_UNORM, Memory [size: 663552, type: 1, props: 1 / 1]
DEBUG   | ColorBuffer 578, 53x1080, VK_FORMAT_R8G8B8A8_UNORM, Memory [size: 294912, type: 1, props: 1 / 1]
DEBUG   | adisplay_init: Creating skin display surface 1080x2400
DEBUG   | Sending CMD_REPAINT to reposting thread
DEBUG   | Reposting thread dequeueing a CMD_REPAINT
DEBUG   | Reposting framebuffer.
DEBUG   | Has last posted colorbuffer and is initialized; post.
DEBUG   | Sending CMD_REPAINT to reposting thread
DEBUG   | call repost from subWindowRepaint callback
DEBUG   | Reposting framebuffer.
DEBUG   | Has last posted colorbuffer and is initialized; post.
DEBUG   | Reposting thread dequeueing a CMD_REPAINT
DEBUG   | Reposting framebuffer.
DEBUG   | Has last posted colorbuffer and is initialized; post.
DEBUG   | Begin setupSubWindow
DEBUG   | setupSubwindow: draw last posted cb
DEBUG   | Exit setupSubWindow (successful setup)
DEBUG   | Begin setupSubWindow
DEBUG   | Exit setupSubWindow (nothing to do)
DEBUG   | call repost from subWindowRepaint callback
DEBUG   | Reposting framebuffer.
DEBUG   | Has last posted colorbuffer and is initialized; post.
DEBUG   | Sending CMD_REPAINT to reposting thread
DEBUG   | Reposting thread dequeueing a CMD_REPAINT
DEBUG   | Reposting framebuffer.
DEBUG   | Has last posted colorbuffer and is initialized; post.
DEBUG   | call repost from subWindowRepaint callback
DEBUG   | Reposting framebuffer.
DEBUG   | Has last posted colorbuffer and is initialized; post.
DEBUG   | Begin setupSubWindow
DEBUG   | setupSubwindow: draw last posted cb
DEBUG   | Exit setupSubWindow (successful setup)
DEBUG   | Begin setupSubWindow
DEBUG   | Exit setupSubWindow (nothing to do)
DEBUG   | Begin setupSubWindow
DEBUG   | Exit setupSubWindow (nothing to do)
DEBUG   | call repost from subWindowRepaint callback
DEBUG   | Reposting framebuffer.
DEBUG   | Has last posted colorbuffer and is initialized; post.
DEBUG   | Sending CMD_REPAINT to reposting thread
DEBUG   | Reposting thread dequeueing a CMD_REPAINT
DEBUG   | Reposting framebuffer.
DEBUG   | Has last posted colorbuffer and is initialized; post.
DEBUG   | Begin setupSubWindow
DEBUG   | Exit setupSubWindow (nothing to do)
DEBUG   | Begin setupSubWindow
DEBUG   | Exit setupSubWindow (nothing to do)
DEBUG   | ColorBuffer 579, 3840x2160, VK_FORMAT_G8_B8_R8_3PLANE_420_UNORM, Memory [size: 12845056, type: 1, props: 1 / 1]
DEBUG   | call repost from subWindowRepaint callback
DEBUG   | Reposting framebuffer.
DEBUG   | Has last posted colorbuffer and is initialized; post.
DEBUG   | adisplay_init: Creating skin display surface 2400x1080
DEBUG   | Sending CMD_REPAINT to reposting thread
DEBUG   | Sending CMD_REPAINT to reposting thread
DEBUG   | Reposting thread dequeueing a CMD_REPAINT
DEBUG   | Reposting framebuffer.
DEBUG   | Has last posted colorbuffer and is initialized; post.
DEBUG   | Reposting thread dequeueing a CMD_REPAINT
DEBUG   | Reposting framebuffer.
DEBUG   | Has last posted colorbuffer and is initialized; post.
DEBUG   | call repost from subWindowRepaint callback
DEBUG   | Reposting framebuffer.
DEBUG   | Has last posted colorbuffer and is initialized; post.
DEBUG   | Begin setupSubWindow
DEBUG   | setupSubwindow: draw last posted cb
DEBUG   | Exit setupSubWindow (successful setup)
DEBUG   | Begin setupSubWindow
DEBUG   | Exit setupSubWindow (nothing to do)
DEBUG   | call repost from subWindowRepaint callback
DEBUG   | Reposting framebuffer.
DEBUG   | Has last posted colorbuffer and is initialized; post.
DEBUG   | Sending CMD_REPAINT to reposting thread
DEBUG   | Reposting thread dequeueing a CMD_REPAINT
DEBUG   | Reposting framebuffer.
DEBUG   | Has last posted colorbuffer and is initialized; post.
DEBUG   | call repost from subWindowRepaint callback
DEBUG   | Reposting framebuffer.
DEBUG   | Has last posted colorbuffer and is initialized; post.
DEBUG   | Begin setupSubWindow
DEBUG   | setupSubwindow: draw last posted cb
DEBUG   | Exit setupSubWindow (successful setup)
DEBUG   | Begin setupSubWindow
DEBUG   | Exit setupSubWindow (nothing to do)
DEBUG   | Begin setupSubWindow
DEBUG   | Exit setupSubWindow (nothing to do)
DEBUG   | call repost from subWindowRepaint callback
DEBUG   | Reposting framebuffer.
DEBUG   | Has last posted colorbuffer and is initialized; post.
DEBUG   | ColorBuffer 580, 2400x1080, VK_FORMAT_R8G8B8A8_UNORM, Memory [size: 11059200, type: 1, props: 1 / 1]
DEBUG   | ColorBuffer 581, 2400x1080, VK_FORMAT_R8G8B8A8_UNORM, Memory [size: 11059200, type: 1, props: 1 / 1]
DEBUG   | ColorBuffer 582, 2x2, VK_FORMAT_R8G8B8A8_UNORM, Memory [size: 512, type: 1, props: 1 / 1]
DEBUG   | ColorBuffer 584, 2400x63, VK_FORMAT_R8G8B8A8_UNORM, Memory [size: 614400, type: 1, props: 1 / 1]
DEBUG   | ColorBuffer 586, 2x2, VK_FORMAT_R8G8B8A8_UNORM, Memory [size: 512, type: 1, props: 1 / 1]
DEBUG   | ColorBuffer 587, 2400x1080, VK_FORMAT_R8G8B8A8_UNORM, Memory [size: 11059200, type: 1, props: 1 / 1]
DEBUG   | ColorBuffer 589, 144x1080, VK_FORMAT_R8G8B8A8_UNORM, Memory [size: 663552, type: 1, props: 1 / 1]
DEBUG   | Sending CMD_REPAINT to reposting thread
DEBUG   | Reposting thread dequeueing a CMD_REPAINT
DEBUG   | Reposting framebuffer.
DEBUG   | Has last posted colorbuffer and is initialized; post.
DEBUG   | Begin setupSubWindow
DEBUG   | Exit setupSubWindow (nothing to do)
DEBUG   | Begin setupSubWindow
DEBUG   | Exit setupSubWindow (nothing to do)
DEBUG   | ColorBuffer 591, 2400x63, VK_FORMAT_R8G8B8A8_UNORM, Memory [size: 614400, type: 1, props: 1 / 1]
DEBUG   | ColorBuffer 592, 53x1080, VK_FORMAT_R8G8B8A8_UNORM, Memory [size: 294912, type: 1, props: 1 / 1]
DEBUG   | adisplay_init: Creating skin display surface 1080x2400
DEBUG   | Sending CMD_REPAINT to reposting thread
DEBUG   | Reposting thread dequeueing a CMD_REPAINT
DEBUG   | Reposting framebuffer.
DEBUG   | Has last posted colorbuffer and is initialized; post.
DEBUG   | Sending CMD_REPAINT to reposting thread
DEBUG   | Reposting framebuffer.
DEBUG   | Has last posted colorbuffer and is initialized; post.
DEBUG   | call repost from subWindowRepaint callback
DEBUG   | Reposting framebuffer.
DEBUG   | Has last posted colorbuffer and is initialized; post.
DEBUG   | Reposting thread dequeueing a CMD_REPAINT
DEBUG   | Reposting framebuffer.
DEBUG   | Has last posted colorbuffer and is initialized; post.
DEBUG   | Begin setupSubWindow
DEBUG   | setupSubwindow: draw last posted cb
DEBUG   | Exit setupSubWindow (successful setup)
DEBUG   | Begin setupSubWindow
DEBUG   | Exit setupSubWindow (nothing to do)
DEBUG   | call repost from subWindowRepaint callback
DEBUG   | Reposting framebuffer.
DEBUG   | Has last posted colorbuffer and is initialized; post.
DEBUG   | Sending CMD_REPAINT to reposting thread
DEBUG   | Reposting thread dequeueing a CMD_REPAINT
DEBUG   | Reposting framebuffer.
DEBUG   | Has last posted colorbuffer and is initialized; post.
DEBUG   | call repost from subWindowRepaint callback
DEBUG   | Reposting framebuffer.
DEBUG   | Has last posted colorbuffer and is initialized; post.
DEBUG   | Begin setupSubWindow
DEBUG   | setupSubwindow: draw last posted cb
DEBUG   | Exit setupSubWindow (successful setup)
DEBUG   | Begin setupSubWindow
DEBUG   | Exit setupSubWindow (nothing to do)
DEBUG   | Begin setupSubWindow
DEBUG   | Exit setupSubWindow (nothing to do)
DEBUG   | call repost from subWindowRepaint callback
DEBUG   | Reposting framebuffer.
DEBUG   | Has last posted colorbuffer and is initialized; post.
DEBUG   | ColorBuffer 594, 2400x63, VK_FORMAT_R8G8B8A8_UNORM, Memory [size: 614400, type: 1, props: 1 / 1]
DEBUG   | ColorBuffer 596, 53x1080, VK_FORMAT_R8G8B8A8_UNORM, Memory [size: 294912, type: 1, props: 1 / 1]
DEBUG   | ColorBuffer 597, 2400x63, VK_FORMAT_R8G8B8A8_UNORM, Memory [size: 614400, type: 1, props: 1 / 1]
DEBUG   | ColorBuffer 598, 144x1080, VK_FORMAT_R8G8B8A8_UNORM, Memory [size: 663552, type: 1, props: 1 / 1]
DEBUG   | ColorBuffer 599, 144x1080, VK_FORMAT_R8G8B8A8_UNORM, Memory [size: 663552, type: 1, props: 1 / 1]
DEBUG   | ColorBuffer 600, 2400x1080, VK_FORMAT_R8G8B8A8_UNORM, Memory [size: 11059200, type: 1, props: 1 / 1]
DEBUG   | Sending CMD_REPAINT to reposting thread
DEBUG   | Reposting thread dequeueing a CMD_REPAINT
DEBUG   | Reposting framebuffer.
DEBUG   | Has last posted colorbuffer and is initialized; post.
DEBUG   | Begin setupSubWindow
DEBUG   | Exit setupSubWindow (nothing to do)
DEBUG   | Begin setupSubWindow
DEBUG   | Exit setupSubWindow (nothing to do)
DEBUG   | ColorBuffer 601, 1080x2400, VK_FORMAT_R8G8B8A8_UNORM, Memory [size: 10584064, type: 1, props: 1 / 1]
DEBUG   | ColorBuffer 603, 2x2, VK_FORMAT_R8G8B8A8_UNORM, Memory [size: 512, type: 1, props: 1 / 1]
DEBUG   | ColorBuffer 604, 1080x128, VK_FORMAT_R8G8B8A8_UNORM, Memory [size: 557056, type: 1, props: 1 / 1]
DEBUG   | ColorBuffer 607, 2x2, VK_FORMAT_R8G8B8A8_UNORM, Memory [size: 512, type: 1, props: 1 / 1]
DEBUG   | ColorBuffer 608, 1080x128, VK_FORMAT_R8G8B8A8_UNORM, Memory [size: 557056, type: 1, props: 1 / 1]
DEBUG   | ColorBuffer 610, 1080x2400, VK_FORMAT_R8G8B8A8_UNORM, Memory [size: 10584064, type: 1, props: 1 / 1]
DEBUG   | ColorBuffer 611, 1080x128, VK_FORMAT_R8G8B8A8_UNORM, Memory [size: 557056, type: 1, props: 1 / 1]
DEBUG   | ColorBuffer 612, 1080x63, VK_FORMAT_R8G8B8A8_UNORM, Memory [size: 278528, type: 1, props: 1 / 1]
DEBUG   | ColorBuffer 614, 1080x128, VK_FORMAT_R8G8B8A8_UNORM, Memory [size: 557056, type: 1, props: 1 / 1]
DEBUG   | ColorBuffer 615, 1080x63, VK_FORMAT_R8G8B8A8_UNORM, Memory [size: 278528, type: 1, props: 1 / 1]
DEBUG   | ColorBuffer 616, 1080x128, VK_FORMAT_R8G8B8A8_UNORM, Memory [size: 557056, type: 1, props: 1 / 1]
DEBUG   | ColorBuffer 617, 1080x63, VK_FORMAT_R8G8B8A8_UNORM, Memory [size: 278528, type: 1, props: 1 / 1]
DEBUG   | ColorBuffer 619, 1080x63, VK_FORMAT_R8G8B8A8_UNORM, Memory [size: 278528, type: 1, props: 1 / 1]
DEBUG   | ColorBuffer 620, 1080x128, VK_FORMAT_R8G8B8A8_UNORM, Memory [size: 557056, type: 1, props: 1 / 1]
DEBUG   | ColorBuffer 621, 1080x63, VK_FORMAT_R8G8B8A8_UNORM, Memory [size: 278528, type: 1, props: 1 / 1]
DEBUG   | ColorBuffer 622, 1080x2400, VK_FORMAT_R8G8B8A8_UNORM, Memory [size: 10584064, type: 1, props: 1 / 1]
DEBUG   | Exited a RenderThread @00000213028665B0
DEBUG   | Started new RenderThread (total 21) @0000021302772A30
DEBUG   | Waiting for exit signal RenderThread @0000021302772A30
DEBUG   | ColorBuffer 623, 1080x2400, VK_FORMAT_R8G8B8A8_UNORM, Memory [size: 10584064, type: 1, props: 1 / 1]
DEBUG   | Exited a RenderThread @0000021302772A30
DEBUG   | Started new RenderThread (total 21) @000002130276FD60
DEBUG   | Waiting for exit signal RenderThread @000002130276FD60
DEBUG   | ColorBuffer 624, 1080x2400, VK_FORMAT_R8G8B8A8_UNORM, Memory [size: 10584064, type: 1, props: 1 / 1]
DEBUG   | ColorBuffer 625, 1080x2400, VK_FORMAT_R8G8B8A8_UNORM, Memory [size: 10584064, type: 1, props: 1 / 1]
DEBUG   | ColorBuffer 627, 1080x2400, VK_FORMAT_R8G8B8A8_UNORM, Memory [size: 10584064, type: 1, props: 1 / 1]
DEBUG   | ColorBuffer 628, 1080x2400, VK_FORMAT_R8G8B8A8_UNORM, Memory [size: 10584064, type: 1, props: 1 / 1]
DEBUG   | ColorBuffer 629, 1080x63, VK_FORMAT_R8G8B8A8_UNORM, Memory [size: 278528, type: 1, props: 1 / 1]
DEBUG   | ColorBuffer 630, 1192x674, VK_FORMAT_R8G8B8A8_UNORM, Memory [size: 3686400, type: 1, props: 1 / 1]
DEBUG   | ColorBuffer 632, 1192x674, VK_FORMAT_R8G8B8A8_UNORM, Memory [size: 3686400, type: 1, props: 1 / 1]
DEBUG   | ColorBuffer 633, 1192x674, VK_FORMAT_R8G8B8A8_UNORM, Memory [size: 3686400, type: 1, props: 1 / 1]
DEBUG   | ColorBuffer 634, 1080x2400, VK_FORMAT_R8G8B8A8_UNORM, Memory [size: 10584064, type: 1, props: 1 / 1]
DEBUG   | Exited a RenderThread @000002130276FD60
DEBUG   | Started new RenderThread (total 21) @0000021302865F90
DEBUG   | Waiting for exit signal RenderThread @0000021302865F90
DEBUG   | Waiting for exit signal RenderThread @00000212710576A0
DEBUG   | Waiting for exit signal RenderThread @00000212710574E0
DEBUG   | ColorBuffer 635, 1080x2400, VK_FORMAT_R8G8B8A8_UNORM, Memory [size: 10584064, type: 1, props: 1 / 1]
DEBUG   | ColorBuffer 637, 1080x2400, VK_FORMAT_R8G8B8A8_UNORM, Memory [size: 10584064, type: 1, props: 1 / 1]
DEBUG   | ColorBuffer 638, 1080x2400, VK_FORMAT_R8G8B8A8_UNORM, Memory [size: 10584064, type: 1, props: 1 / 1]
DEBUG   | ColorBuffer 639, 864x1920, VK_FORMAT_R8G8B8A8_UNORM, Memory [size: 6635520, type: 1, props: 1 / 1]
DEBUG   | ColorBuffer 640, 1080x2400, VK_FORMAT_R8G8B8A8_UNORM, Memory [size: 10584064, type: 1, props: 1 / 1]
DEBUG   | ColorBuffer 642, 1080x2400, VK_FORMAT_R8G8B8A8_UNORM, Memory [size: 10584064, type: 1, props: 1 / 1]
DEBUG   | ColorBuffer 643, 1080x2400, VK_FORMAT_R8G8B8A8_UNORM, Memory [size: 10584064, type: 1, props: 1 / 1]
DEBUG   | Exited a RenderThread @00000212710574E0
DEBUG   | Exited a RenderThread @00000212710576A0
DEBUG   | Exited a RenderThread @0000021302865F90
DEBUG   | Started new RenderThread (total 19) @00000212FE4C5260
DEBUG   | ColorBuffer 646, 1x1, VK_FORMAT_R8G8B8A8_UNORM, Memory [size: 512, type: 1, props: 1 / 1]
DEBUG   | Started new RenderThread (total 20) @000002132822D950
DEBUG   | ColorBuffer 647, 1080x2400, VK_FORMAT_R8G8B8A8_UNORM, Memory [size: 10584064, type: 1, props: 1 / 1]
DEBUG   | ColorBuffer 649, 1080x2400, VK_FORMAT_R8G8B8A8_UNORM, Memory [size: 10584064, type: 1, props: 1 / 1]
DEBUG   | ColorBuffer 650, 1080x2400, VK_FORMAT_R8G8B8A8_UNORM, Memory [size: 10584064, type: 1, props: 1 / 1]
DEBUG   | Waiting for exit signal RenderThread @00000212FE4C56C0
DEBUG   | ColorBuffer 651, 640x480, VK_FORMAT_G8_B8_R8_3PLANE_420_UNORM, Memory [size: 589824, type: 1, props: 1 / 1]
DEBUG   | ColorBuffer 652, 2x2, VK_FORMAT_G8_B8_R8_3PLANE_420_UNORM, Memory [size: 196608, type: 1, props: 1 / 1]
DEBUG   | successfully created cuda video decoder for H264, with gpu texture mode on
DEBUG   | ColorBuffer 653, 3840x2160, VK_FORMAT_G8_B8_R8_3PLANE_420_UNORM, Memory [size: 12845056, type: 1, props: 1 / 1]
DEBUG   | ColorBuffer 654, 3840x2160, VK_FORMAT_G8_B8_R8_3PLANE_420_UNORM, Memory [size: 12845056, type: 1, props: 1 / 1]
DEBUG   | ColorBuffer 655, 3840x2160, VK_FORMAT_G8_B8_R8_3PLANE_420_UNORM, Memory [size: 12845056, type: 1, props: 1 / 1]
DEBUG   | ColorBuffer 656, 3840x2160, VK_FORMAT_G8_B8_R8_3PLANE_420_UNORM, Memory [size: 12845056, type: 1, props: 1 / 1]
DEBUG   | ColorBuffer 657, 3840x2160, VK_FORMAT_G8_B8_R8_3PLANE_420_UNORM, Memory [size: 12845056, type: 1, props: 1 / 1]
DEBUG   | ColorBuffer 658, 3840x2160, VK_FORMAT_G8_B8_R8_3PLANE_420_UNORM, Memory [size: 12845056, type: 1, props: 1 / 1]
DEBUG   | ColorBuffer 659, 1080x2400, VK_FORMAT_R8G8B8A8_UNORM, Memory [size: 10584064, type: 1, props: 1 / 1]
DEBUG   | ColorBuffer 661, 1080x2400, VK_FORMAT_R8G8B8A8_UNORM, Memory [size: 10584064, type: 1, props: 1 / 1]
DEBUG   | ColorBuffer 662, 1080x2400, VK_FORMAT_R8G8B8A8_UNORM, Memory [size: 10584064, type: 1, props: 1 / 1]
DEBUG   | Waiting for exit signal RenderThread @000002132822D950
DEBUG   | Waiting for exit signal RenderThread @00000212FE4C5260
DEBUG   | ColorBuffer 663, 1080x2400, VK_FORMAT_R8G8B8A8_UNORM, Memory [size: 10584064, type: 1, props: 1 / 1]
DEBUG   | ColorBuffer 665, 1080x2400, VK_FORMAT_R8G8B8A8_UNORM, Memory [size: 10584064, type: 1, props: 1 / 1]
DEBUG   | ColorBuffer 666, 1080x2400, VK_FORMAT_R8G8B8A8_UNORM, Memory [size: 10584064, type: 1, props: 1 / 1]
DEBUG   | ColorBuffer 667, 864x1920, VK_FORMAT_R8G8B8A8_UNORM, Memory [size: 6635520, type: 1, props: 1 / 1]
DEBUG   | Exited a RenderThread @00000212FE4C56C0
DEBUG   | Exited a RenderThread @00000212FE4C5260
DEBUG   | Exited a RenderThread @000002132822D950
DEBUG   | Started new RenderThread (total 18) @0000021302604530
DEBUG   | ColorBuffer 669, 1080x2400, VK_FORMAT_R8G8B8A8_UNORM, Memory [size: 10584064, type: 1, props: 1 / 1]
DEBUG   | ColorBuffer 672, 1x1, VK_FORMAT_R8G8B8A8_UNORM, Memory [size: 512, type: 1, props: 1 / 1]
DEBUG   | ColorBuffer 673, 1080x2400, VK_FORMAT_R8G8B8A8_UNORM, Memory [size: 10584064, type: 1, props: 1 / 1]
DEBUG   | ColorBuffer 674, 1080x2400, VK_FORMAT_R8G8B8A8_UNORM, Memory [size: 10584064, type: 1, props: 1 / 1]
DEBUG   | Started new RenderThread (total 19) @000002132822DA30
DEBUG   | ColorBuffer 677, 1x1, VK_FORMAT_R8G8B8A8_UNORM, Memory [size: 512, type: 1, props: 1 / 1]
DEBUG   | Started new RenderThread (total 20) @0000021328CC5340
DEBUG   | ColorBuffer 678, 1080x2400, VK_FORMAT_R8G8B8A8_UNORM, Memory [size: 10584064, type: 1, props: 1 / 1]
DEBUG   | ColorBuffer 680, 1080x2400, VK_FORMAT_R8G8B8A8_UNORM, Memory [size: 10584064, type: 1, props: 1 / 1]
DEBUG   | ColorBuffer 681, 1080x2400, VK_FORMAT_R8G8B8A8_UNORM, Memory [size: 10584064, type: 1, props: 1 / 1]
DEBUG   | ColorBuffer 682, 640x480, VK_FORMAT_G8_B8_R8_3PLANE_420_UNORM, Memory [size: 589824, type: 1, props: 1 / 1]
DEBUG   | ColorBuffer 683, 2x2, VK_FORMAT_G8_B8_R8_3PLANE_420_UNORM, Memory [size: 196608, type: 1, props: 1 / 1]
DEBUG   | successfully created cuda video decoder for H264, with gpu texture mode on
DEBUG   | ColorBuffer 684, 3840x2160, VK_FORMAT_G8_B8_R8_3PLANE_420_UNORM, Memory [size: 12845056, type: 1, props: 1 / 1]
DEBUG   | ColorBuffer 685, 3840x2160, VK_FORMAT_G8_B8_R8_3PLANE_420_UNORM, Memory [size: 12845056, type: 1, props: 1 / 1]
DEBUG   | ColorBuffer 686, 3840x2160, VK_FORMAT_G8_B8_R8_3PLANE_420_UNORM, Memory [size: 12845056, type: 1, props: 1 / 1]
DEBUG   | ColorBuffer 687, 3840x2160, VK_FORMAT_G8_B8_R8_3PLANE_420_UNORM, Memory [size: 12845056, type: 1, props: 1 / 1]
DEBUG   | ColorBuffer 688, 3840x2160, VK_FORMAT_G8_B8_R8_3PLANE_420_UNORM, Memory [size: 12845056, type: 1, props: 1 / 1]
DEBUG   | ColorBuffer 689, 1080x2400, VK_FORMAT_R8G8B8A8_UNORM, Memory [size: 10584064, type: 1, props: 1 / 1]
DEBUG   | ColorBuffer 691, 1080x2400, VK_FORMAT_R8G8B8A8_UNORM, Memory [size: 10584064, type: 1, props: 1 / 1]
DEBUG   | ColorBuffer 692, 1080x2400, VK_FORMAT_R8G8B8A8_UNORM, Memory [size: 10584064, type: 1, props: 1 / 1]
DEBUG   | Waiting for exit signal RenderThread @0000021328CC5340
DEBUG   | Waiting for exit signal RenderThread @000002132822DA30
DEBUG   | ColorBuffer 693, 1080x2400, VK_FORMAT_R8G8B8A8_UNORM, Memory [size: 10584064, type: 1, props: 1 / 1]
DEBUG   | ColorBuffer 695, 1080x2400, VK_FORMAT_R8G8B8A8_UNORM, Memory [size: 10584064, type: 1, props: 1 / 1]
DEBUG   | ColorBuffer 696, 1080x2400, VK_FORMAT_R8G8B8A8_UNORM, Memory [size: 10584064, type: 1, props: 1 / 1]
DEBUG   | ColorBuffer 697, 864x1920, VK_FORMAT_R8G8B8A8_UNORM, Memory [size: 6635520, type: 1, props: 1 / 1]
DEBUG   | ColorBuffer 698, 1080x2400, VK_FORMAT_R8G8B8A8_UNORM, Memory [size: 10584064, type: 1, props: 1 / 1]
DEBUG   | ColorBuffer 700, 1080x2400, VK_FORMAT_R8G8B8A8_UNORM, Memory [size: 10584064, type: 1, props: 1 / 1]
DEBUG   | ColorBuffer 701, 1080x2400, VK_FORMAT_R8G8B8A8_UNORM, Memory [size: 10584064, type: 1, props: 1 / 1]
DEBUG   | Exited a RenderThread @000002132822DA30
DEBUG   | Exited a RenderThread @0000021328CC5340
DEBUG   | Started new RenderThread (total 19) @00000212710574E0
DEBUG   | ColorBuffer 704, 1x1, VK_FORMAT_R8G8B8A8_UNORM, Memory [size: 512, type: 1, props: 1 / 1]
DEBUG   | Started new RenderThread (total 20) @00000212710575C0
DEBUG   | ColorBuffer 705, 1080x2400, VK_FORMAT_R8G8B8A8_UNORM, Memory [size: 10584064, type: 1, props: 1 / 1]
DEBUG   | ColorBuffer 707, 1080x2400, VK_FORMAT_R8G8B8A8_UNORM, Memory [size: 10584064, type: 1, props: 1 / 1]
DEBUG   | ColorBuffer 708, 1080x2400, VK_FORMAT_R8G8B8A8_UNORM, Memory [size: 10584064, type: 1, props: 1 / 1]
DEBUG   | ColorBuffer 709, 640x480, VK_FORMAT_G8_B8_R8_3PLANE_420_UNORM, Memory [size: 589824, type: 1, props: 1 / 1]
DEBUG   | ColorBuffer 710, 2x2, VK_FORMAT_G8_B8_R8_3PLANE_420_UNORM, Memory [size: 196608, type: 1, props: 1 / 1]
DEBUG   | successfully created cuda video decoder for H264, with gpu texture mode on
DEBUG   | ColorBuffer 711, 3840x2160, VK_FORMAT_G8_B8_R8_3PLANE_420_UNORM, Memory [size: 12845056, type: 1, props: 1 / 1]
DEBUG   | ColorBuffer 712, 3840x2160, VK_FORMAT_G8_B8_R8_3PLANE_420_UNORM, Memory [size: 12845056, type: 1, props: 1 / 1]
DEBUG   | ColorBuffer 713, 3840x2160, VK_FORMAT_G8_B8_R8_3PLANE_420_UNORM, Memory [size: 12845056, type: 1, props: 1 / 1]
DEBUG   | ColorBuffer 714, 3840x2160, VK_FORMAT_G8_B8_R8_3PLANE_420_UNORM, Memory [size: 12845056, type: 1, props: 1 / 1]
DEBUG   | ColorBuffer 715, 3840x2160, VK_FORMAT_G8_B8_R8_3PLANE_420_UNORM, Memory [size: 12845056, type: 1, props: 1 / 1]
DEBUG   | ColorBuffer 716, 1080x2400, VK_FORMAT_R8G8B8A8_UNORM, Memory [size: 10584064, type: 1, props: 1 / 1]
DEBUG   | ColorBuffer 718, 1080x2400, VK_FORMAT_R8G8B8A8_UNORM, Memory [size: 10584064, type: 1, props: 1 / 1]
DEBUG   | ColorBuffer 719, 1080x2400, VK_FORMAT_R8G8B8A8_UNORM, Memory [size: 10584064, type: 1, props: 1 / 1]
DEBUG   | ColorBuffer 720, 1080x2400, VK_FORMAT_R8G8B8A8_UNORM, Memory [size: 10584064, type: 1, props: 1 / 1]
DEBUG   | Started new RenderThread (total 21) @000002132822D870
DEBUG   | Waiting for exit signal RenderThread @000002132822D870
DEBUG   | ColorBuffer 721, 1080x2400, VK_FORMAT_R8G8B8A8_UNORM, Memory [size: 10584064, type: 1, props: 1 / 1]
DEBUG   | Exited a RenderThread @000002132822D870
DEBUG   | Started new RenderThread (total 21) @000002130145FB10
DEBUG   | Waiting for exit signal RenderThread @000002130145FB10
DEBUG   | ColorBuffer 722, 640x480, VK_FORMAT_G8_B8_R8_3PLANE_420_UNORM, Memory [size: 589824, type: 1, props: 1 / 1]
DEBUG   | ColorBuffer 723, 2x2, VK_FORMAT_G8_B8_R8_3PLANE_420_UNORM, Memory [size: 196608, type: 1, props: 1 / 1]
DEBUG   | successfully created cuda video decoder for HEVC, with gpu texture mode on
DEBUG   | ColorBuffer 724, 3840x2160, VK_FORMAT_G8_B8_R8_3PLANE_420_UNORM, Memory [size: 12845056, type: 1, props: 1 / 1]
DEBUG   | ColorBuffer 725, 3840x2160, VK_FORMAT_G8_B8_R8_3PLANE_420_UNORM, Memory [size: 12845056, type: 1, props: 1 / 1]
DEBUG   | ColorBuffer 726, 3840x2160, VK_FORMAT_G8_B8_R8_3PLANE_420_UNORM, Memory [size: 12845056, type: 1, props: 1 / 1]
DEBUG   | ColorBuffer 727, 3840x2160, VK_FORMAT_G8_B8_R8_3PLANE_420_UNORM, Memory [size: 12845056, type: 1, props: 1 / 1]
DEBUG   | ColorBuffer 728, 3840x2160, VK_FORMAT_G8_B8_R8_3PLANE_420_UNORM, Memory [size: 12845056, type: 1, props: 1 / 1]
DEBUG   | ColorBuffer 729, 3840x2160, VK_FORMAT_G8_B8_R8_3PLANE_420_UNORM, Memory [size: 12845056, type: 1, props: 1 / 1]
DEBUG   | ColorBuffer 730, 3840x2160, VK_FORMAT_G8_B8_R8_3PLANE_420_UNORM, Memory [size: 12845056, type: 1, props: 1 / 1]
DEBUG   | ColorBuffer 731, 3840x2160, VK_FORMAT_G8_B8_R8_3PLANE_420_UNORM, Memory [size: 12845056, type: 1, props: 1 / 1]
DEBUG   | ColorBuffer 732, 1080x2400, VK_FORMAT_R8G8B8A8_UNORM, Memory [size: 10584064, type: 1, props: 1 / 1]
DEBUG   | Exited a RenderThread @000002130145FB10
DEBUG   | Started new RenderThread (total 21) @000002130145FF70
DEBUG   | Waiting for exit signal RenderThread @000002130145FF70
DEBUG   | ColorBuffer 733, 3840x2160, VK_FORMAT_G8_B8_R8_3PLANE_420_UNORM, Memory [size: 12845056, type: 1, props: 1 / 1]
DEBUG   | ColorBuffer 734, 3840x2160, VK_FORMAT_G8_B8_R8_3PLANE_420_UNORM, Memory [size: 12845056, type: 1, props: 1 / 1]
DEBUG   | call repost from subWindowRepaint callback
DEBUG   | Reposting framebuffer.
DEBUG   | Has last posted colorbuffer and is initialized; post.
DEBUG   | ColorBuffer 735, 1080x2400, VK_FORMAT_R8G8B8A8_UNORM, Memory [size: 10584064, type: 1, props: 1 / 1]
DEBUG   | ColorBuffer 737, 1080x2400, VK_FORMAT_R8G8B8A8_UNORM, Memory [size: 10584064, type: 1, props: 1 / 1]
DEBUG   | ColorBuffer 738, 1080x2400, VK_FORMAT_R8G8B8A8_UNORM, Memory [size: 10584064, type: 1, props: 1 / 1]
DEBUG   | ColorBuffer 739, 3840x2160, VK_FORMAT_G8_B8_R8_3PLANE_420_UNORM, Memory [size: 12845056, type: 1, props: 1 / 1]
DEBUG   | Waiting for exit signal RenderThread @00000212710575C0
DEBUG   | Waiting for exit signal RenderThread @00000212710574E0
DEBUG   | ColorBuffer 740, 1080x2400, VK_FORMAT_R8G8B8A8_UNORM, Memory [size: 10584064, type: 1, props: 1 / 1]
DEBUG   | ColorBuffer 742, 1080x2400, VK_FORMAT_R8G8B8A8_UNORM, Memory [size: 10584064, type: 1, props: 1 / 1]
DEBUG   | ColorBuffer 743, 1080x2400, VK_FORMAT_R8G8B8A8_UNORM, Memory [size: 10584064, type: 1, props: 1 / 1]
DEBUG   | ColorBuffer 744, 864x1920, VK_FORMAT_R8G8B8A8_UNORM, Memory [size: 6635520, type: 1, props: 1 / 1]
DEBUG   | ColorBuffer 745, 1080x2400, VK_FORMAT_R8G8B8A8_UNORM, Memory [size: 10584064, type: 1, props: 1 / 1]
DEBUG   | ColorBuffer 747, 1080x2400, VK_FORMAT_R8G8B8A8_UNORM, Memory [size: 10584064, type: 1, props: 1 / 1]
DEBUG   | ColorBuffer 748, 1080x2400, VK_FORMAT_R8G8B8A8_UNORM, Memory [size: 10584064, type: 1, props: 1 / 1]
DEBUG   | Exited a RenderThread @00000212710574E0
DEBUG   | Exited a RenderThread @00000212710575C0
DEBUG   | Exited a RenderThread @000002130145FF70
DEBUG   | Started new RenderThread (total 19) @00000212FFED0A80
DEBUG   | ColorBuffer 751, 1x1, VK_FORMAT_R8G8B8A8_UNORM, Memory [size: 512, type: 1, props: 1 / 1]
DEBUG   | Started new RenderThread (total 20) @000002130259B320
DEBUG   | ColorBuffer 752, 1080x2400, VK_FORMAT_R8G8B8A8_UNORM, Memory [size: 10584064, type: 1, props: 1 / 1]
DEBUG   | ColorBuffer 754, 1080x2400, VK_FORMAT_R8G8B8A8_UNORM, Memory [size: 10584064, type: 1, props: 1 / 1]
DEBUG   | ColorBuffer 755, 1080x2400, VK_FORMAT_R8G8B8A8_UNORM, Memory [size: 10584064, type: 1, props: 1 / 1]
DEBUG   | call repost from subWindowRepaint callback
DEBUG   | Reposting framebuffer.
DEBUG   | Has last posted colorbuffer and is initialized; post.
DEBUG   | call repost from subWindowRepaint callback
DEBUG   | Reposting framebuffer.
DEBUG   | Has last posted colorbuffer and is initialized; post.
DEBUG   | ColorBuffer 756, 640x480, VK_FORMAT_G8_B8_R8_3PLANE_420_UNORM, Memory [size: 589824, type: 1, props: 1 / 1]
DEBUG   | ColorBuffer 757, 2x2, VK_FORMAT_G8_B8_R8_3PLANE_420_UNORM, Memory [size: 196608, type: 1, props: 1 / 1]
DEBUG   | successfully created cuda video decoder for H264, with gpu texture mode on
DEBUG   | ColorBuffer 758, 3840x2160, VK_FORMAT_G8_B8_R8_3PLANE_420_UNORM, Memory [size: 12845056, type: 1, props: 1 / 1]
DEBUG   | ColorBuffer 759, 3840x2160, VK_FORMAT_G8_B8_R8_3PLANE_420_UNORM, Memory [size: 12845056, type: 1, props: 1 / 1]
DEBUG   | ColorBuffer 760, 3840x2160, VK_FORMAT_G8_B8_R8_3PLANE_420_UNORM, Memory [size: 12845056, type: 1, props: 1 / 1]
DEBUG   | ColorBuffer 761, 3840x2160, VK_FORMAT_G8_B8_R8_3PLANE_420_UNORM, Memory [size: 12845056, type: 1, props: 1 / 1]
DEBUG   | ColorBuffer 762, 3840x2160, VK_FORMAT_G8_B8_R8_3PLANE_420_UNORM, Memory [size: 12845056, type: 1, props: 1 / 1]
DEBUG   | ColorBuffer 763, 3840x2160, VK_FORMAT_G8_B8_R8_3PLANE_420_UNORM, Memory [size: 12845056, type: 1, props: 1 / 1]
DEBUG   | ColorBuffer 764, 3840x2160, VK_FORMAT_G8_B8_R8_3PLANE_420_UNORM, Memory [size: 12845056, type: 1, props: 1 / 1]
DEBUG   | ColorBuffer 765, 1080x2400, VK_FORMAT_R8G8B8A8_UNORM, Memory [size: 10584064, type: 1, props: 1 / 1]
DEBUG   | Started new RenderThread (total 21) @0000021331048300
DEBUG   | Waiting for exit signal RenderThread @0000021331048300
DEBUG   | ColorBuffer 766, 3840x2160, VK_FORMAT_G8_B8_R8_3PLANE_420_UNORM, Memory [size: 12845056, type: 1, props: 1 / 1]
DEBUG   | ColorBuffer 767, 3840x2160, VK_FORMAT_G8_B8_R8_3PLANE_420_UNORM, Memory [size: 12845056, type: 1, props: 1 / 1]
DEBUG   | Waiting for exit signal RenderThread @000002130259B320
DEBUG   | Waiting for exit signal RenderThread @00000212FFED0A80
DEBUG   | ColorBuffer 768, 1080x2400, VK_FORMAT_R8G8B8A8_UNORM, Memory [size: 10584064, type: 1, props: 1 / 1]
DEBUG   | ColorBuffer 770, 1080x2400, VK_FORMAT_R8G8B8A8_UNORM, Memory [size: 10584064, type: 1, props: 1 / 1]
DEBUG   | ColorBuffer 771, 1080x2400, VK_FORMAT_R8G8B8A8_UNORM, Memory [size: 10584064, type: 1, props: 1 / 1]
DEBUG   | ColorBuffer 772, 864x1920, VK_FORMAT_R8G8B8A8_UNORM, Memory [size: 6635520, type: 1, props: 1 / 1]
DEBUG   | ColorBuffer 773, 1080x2400, VK_FORMAT_R8G8B8A8_UNORM, Memory [size: 10584064, type: 1, props: 1 / 1]
DEBUG   | ColorBuffer 775, 1080x2400, VK_FORMAT_R8G8B8A8_UNORM, Memory [size: 10584064, type: 1, props: 1 / 1]
DEBUG   | ColorBuffer 776, 1080x2400, VK_FORMAT_R8G8B8A8_UNORM, Memory [size: 10584064, type: 1, props: 1 / 1]
DEBUG   | Exited a RenderThread @00000212FFED0A80
DEBUG   | Exited a RenderThread @000002130259B320
DEBUG   | Exited a RenderThread @0000021331048300
DEBUG   | Started new RenderThread (total 19) @0000021330EDEE90
DEBUG   | ColorBuffer 779, 1x1, VK_FORMAT_R8G8B8A8_UNORM, Memory [size: 512, type: 1, props: 1 / 1]
DEBUG   | Started new RenderThread (total 20) @00000212710574E0
DEBUG   | ColorBuffer 780, 1080x2400, VK_FORMAT_R8G8B8A8_UNORM, Memory [size: 10584064, type: 1, props: 1 / 1]
DEBUG   | ColorBuffer 782, 1080x2400, VK_FORMAT_R8G8B8A8_UNORM, Memory [size: 10584064, type: 1, props: 1 / 1]
DEBUG   | ColorBuffer 783, 1080x2400, VK_FORMAT_R8G8B8A8_UNORM, Memory [size: 10584064, type: 1, props: 1 / 1]
DEBUG   | ColorBuffer 784, 640x480, VK_FORMAT_G8_B8_R8_3PLANE_420_UNORM, Memory [size: 589824, type: 1, props: 1 / 1]
DEBUG   | ColorBuffer 785, 2x2, VK_FORMAT_G8_B8_R8_3PLANE_420_UNORM, Memory [size: 196608, type: 1, props: 1 / 1]
DEBUG   | successfully created cuda video decoder for H264, with gpu texture mode on
DEBUG   | ColorBuffer 786, 3840x2160, VK_FORMAT_G8_B8_R8_3PLANE_420_UNORM, Memory [size: 12845056, type: 1, props: 1 / 1]
DEBUG   | ColorBuffer 787, 3840x2160, VK_FORMAT_G8_B8_R8_3PLANE_420_UNORM, Memory [size: 12845056, type: 1, props: 1 / 1]
DEBUG   | ColorBuffer 788, 3840x2160, VK_FORMAT_G8_B8_R8_3PLANE_420_UNORM, Memory [size: 12845056, type: 1, props: 1 / 1]
DEBUG   | ColorBuffer 789, 3840x2160, VK_FORMAT_G8_B8_R8_3PLANE_420_UNORM, Memory [size: 12845056, type: 1, props: 1 / 1]
DEBUG   | ColorBuffer 790, 3840x2160, VK_FORMAT_G8_B8_R8_3PLANE_420_UNORM, Memory [size: 12845056, type: 1, props: 1 / 1]
DEBUG   | ColorBuffer 791, 3840x2160, VK_FORMAT_G8_B8_R8_3PLANE_420_UNORM, Memory [size: 12845056, type: 1, props: 1 / 1]
DEBUG   | ColorBuffer 792, 3840x2160, VK_FORMAT_G8_B8_R8_3PLANE_420_UNORM, Memory [size: 12845056, type: 1, props: 1 / 1]
DEBUG   | ColorBuffer 793, 1080x2400, VK_FORMAT_R8G8B8A8_UNORM, Memory [size: 10584064, type: 1, props: 1 / 1]
DEBUG   | Started new RenderThread (total 21) @0000021331048060
DEBUG   | Waiting for exit signal RenderThread @0000021331048060
DEBUG   | ColorBuffer 794, 3840x2160, VK_FORMAT_G8_B8_R8_3PLANE_420_UNORM, Memory [size: 12845056, type: 1, props: 1 / 1]
DEBUG   | ColorBuffer 795, 3840x2160, VK_FORMAT_G8_B8_R8_3PLANE_420_UNORM, Memory [size: 12845056, type: 1, props: 1 / 1]
DEBUG   | call repost from subWindowRepaint callback
DEBUG   | Reposting framebuffer.
DEBUG   | Has last posted colorbuffer and is initialized; post.
INFO         | Warning: Retrying to obtain clipboard. (:0, )
INFO         | Warning: Retrying to obtain clipboard. (:0, )
DEBUG   | ColorBuffer 796, 3840x2160, VK_FORMAT_G8_B8_R8_3PLANE_420_UNORM, Memory [size: 12845056, type: 1, props: 1 / 1]
DEBUG   | ColorBuffer 797, 3840x2160, VK_FORMAT_G8_B8_R8_3PLANE_420_UNORM, Memory [size: 12845056, type: 1, props: 1 / 1]
DEBUG   | ColorBuffer 798, 3840x2160, VK_FORMAT_G8_B8_R8_3PLANE_420_UNORM, Memory [size: 12845056, type: 1, props: 1 / 1]
DEBUG   | ColorBuffer 799, 3840x2160, VK_FORMAT_G8_B8_R8_3PLANE_420_UNORM, Memory [size: 12845056, type: 1, props: 1 / 1]
DEBUG   | ColorBuffer 800, 3840x2160, VK_FORMAT_G8_B8_R8_3PLANE_420_UNORM, Memory [size: 12845056, type: 1, props: 1 / 1]
DEBUG   | ColorBuffer 801, 3840x2160, VK_FORMAT_G8_B8_R8_3PLANE_420_UNORM, Memory [size: 12845056, type: 1, props: 1 / 1]
DEBUG   | ColorBuffer 802, 3840x2160, VK_FORMAT_G8_B8_R8_3PLANE_420_UNORM, Memory [size: 12845056, type: 1, props: 1 / 1]
DEBUG   | call repost from subWindowRepaint callback
DEBUG   | Reposting framebuffer.
DEBUG   | Has last posted colorbuffer and is initialized; post.
DEBUG   | call repost from subWindowRepaint callback
DEBUG   | Reposting framebuffer.
DEBUG   | Has last posted colorbuffer and is initialized; post.
DEBUG   | call repost from subWindowRepaint callback
DEBUG   | Reposting framebuffer.
DEBUG   | Has last posted colorbuffer and is initialized; post.
DEBUG   | call repost from subWindowRepaint callback
DEBUG   | Reposting framebuffer.
DEBUG   | Has last posted colorbuffer and is initialized; post.
DEBUG   | call repost from subWindowRepaint callback
DEBUG   | Reposting framebuffer.
DEBUG   | Has last posted colorbuffer and is initialized; post.
DEBUG   | call repost from subWindowRepaint callback
DEBUG   | Reposting framebuffer.
DEBUG   | Has last posted colorbuffer and is initialized; post.
DEBUG   | call repost from subWindowRepaint callback
DEBUG   | Reposting framebuffer.
DEBUG   | Has last posted colorbuffer and is initialized; post.
DEBUG   | call repost from subWindowRepaint callback
DEBUG   | Reposting framebuffer.
DEBUG   | Has last posted colorbuffer and is initialized; post.
DEBUG   | call repost from subWindowRepaint callback
DEBUG   | Reposting framebuffer.
DEBUG   | Has last posted colorbuffer and is initialized; post.
DEBUG   | call repost from subWindowRepaint callback
DEBUG   | Reposting framebuffer.
DEBUG   | Has last posted colorbuffer and is initialized; post.
DEBUG   | call repost from subWindowRepaint callback
DEBUG   | Reposting framebuffer.
DEBUG   | Has last posted colorbuffer and is initialized; post.
DEBUG   | call repost from subWindowRepaint callback
DEBUG   | Reposting framebuffer.
DEBUG   | Has last posted colorbuffer and is initialized; post.
DEBUG   | call repost from subWindowRepaint callback
DEBUG   | Reposting framebuffer.
DEBUG   | Has last posted colorbuffer and is initialized; post.
DEBUG   | call repost from subWindowRepaint callback
DEBUG   | Reposting framebuffer.
DEBUG   | Has last posted colorbuffer and is initialized; post.
DEBUG   | call repost from subWindowRepaint callback
DEBUG   | Reposting framebuffer.
DEBUG   | Has last posted colorbuffer and is initialized; post.
INFO         | IPv4 server found: 192.168.5.1
INFO         | Ignore IPv6 address: 6036:e7c5:1102:0:1020:e7c5:1102:0
INFO         | Ignore IPv6 address: 6036:e7c5:1102:0:1020:e7c5:1102:0
INFO         | Ignore IPv6 address: 6036:e7c5:1102:0:1020:e7c5:1102:0
INFO         | Ignore IPv6 address: 883c:e7c5:1102:0:1020:e7c5:1102:0
INFO         | Ignore IPv6 address: 883c:e7c5:1102:0:1020:e7c5:1102:0
INFO         | Ignore IPv6 address: 883c:e7c5:1102:0:1020:e7c5:1102:0
INFO         | Ignore IPv6 address: 984a:e7c5:1102:0:1020:e7c5:1102:0
INFO         | Ignore IPv6 address: 984a:e7c5:1102:0:1020:e7c5:1102:0
INFO         | Ignore IPv6 address: 984a:e7c5:1102:0:1020:e7c5:1102:0
INFO         | Ignore IPv6 address: c050:e7c5:1102:0:1020:e7c5:1102:0
INFO         | Ignore IPv6 address: c050:e7c5:1102:0:1020:e7c5:1102:0
INFO         | Ignore IPv6 address: c050:e7c5:1102:0:1020:e7c5:1102:0
INFO         | Ignore IPv6 address: 9858:e7c5:1102:0:1020:e7c5:1102:0
INFO         | Ignore IPv6 address: 9858:e7c5:1102:0:1020:e7c5:1102:0
INFO         | Ignore IPv6 address: 9858:e7c5:1102:0:1020:e7c5:1102:0
INFO         | IPv4 server found: 192.168.5.1
INFO         | Ignore IPv6 address: 6036:e7c5:1102:0:1020:e7c5:1102:0
INFO         | Ignore IPv6 address: 6036:e7c5:1102:0:1020:e7c5:1102:0
INFO         | Ignore IPv6 address: 6036:e7c5:1102:0:1020:e7c5:1102:0
INFO         | Ignore IPv6 address: 883c:e7c5:1102:0:1020:e7c5:1102:0
INFO         | Ignore IPv6 address: 883c:e7c5:1102:0:1020:e7c5:1102:0
INFO         | Ignore IPv6 address: 883c:e7c5:1102:0:1020:e7c5:1102:0
INFO         | Ignore IPv6 address: 984a:e7c5:1102:0:1020:e7c5:1102:0
INFO         | Ignore IPv6 address: 984a:e7c5:1102:0:1020:e7c5:1102:0
INFO         | Ignore IPv6 address: 984a:e7c5:1102:0:1020:e7c5:1102:0
INFO         | Ignore IPv6 address: c050:e7c5:1102:0:1020:e7c5:1102:0
INFO         | Ignore IPv6 address: c050:e7c5:1102:0:1020:e7c5:1102:0
INFO         | Ignore IPv6 address: c050:e7c5:1102:0:1020:e7c5:1102:0
INFO         | Ignore IPv6 address: 9858:e7c5:1102:0:1020:e7c5:1102:0
INFO         | Ignore IPv6 address: 9858:e7c5:1102:0:1020:e7c5:1102:0
INFO         | Ignore IPv6 address: 9858:e7c5:1102:0:1020:e7c5:1102:0
INFO         | IPv4 server found: 192.168.5.1
INFO         | Ignore IPv6 address: 6036:e7c5:1102:0:1020:e7c5:1102:0
INFO         | Ignore IPv6 address: 6036:e7c5:1102:0:1020:e7c5:1102:0
INFO         | Ignore IPv6 address: 6036:e7c5:1102:0:1020:e7c5:1102:0
INFO         | Ignore IPv6 address: 883c:e7c5:1102:0:1020:e7c5:1102:0
INFO         | Ignore IPv6 address: 883c:e7c5:1102:0:1020:e7c5:1102:0
INFO         | Ignore IPv6 address: 883c:e7c5:1102:0:1020:e7c5:1102:0
INFO         | Ignore IPv6 address: 984a:e7c5:1102:0:1020:e7c5:1102:0
INFO         | Ignore IPv6 address: 984a:e7c5:1102:0:1020:e7c5:1102:0
INFO         | Ignore IPv6 address: 984a:e7c5:1102:0:1020:e7c5:1102:0
INFO         | Ignore IPv6 address: c050:e7c5:1102:0:1020:e7c5:1102:0
INFO         | Ignore IPv6 address: c050:e7c5:1102:0:1020:e7c5:1102:0
INFO         | Ignore IPv6 address: c050:e7c5:1102:0:1020:e7c5:1102:0
INFO         | Ignore IPv6 address: 9858:e7c5:1102:0:1020:e7c5:1102:0
INFO         | Ignore IPv6 address: 9858:e7c5:1102:0:1020:e7c5:1102:0
INFO         | Ignore IPv6 address: 9858:e7c5:1102:0:1020:e7c5:1102:0
INFO         | IPv4 server found: 192.168.5.1
INFO         | Ignore IPv6 address: 6036:e7c5:1102:0:1020:e7c5:1102:0
INFO         | Ignore IPv6 address: 6036:e7c5:1102:0:1020:e7c5:1102:0
INFO         | Ignore IPv6 address: 6036:e7c5:1102:0:1020:e7c5:1102:0
INFO         | Ignore IPv6 address: 883c:e7c5:1102:0:1020:e7c5:1102:0
INFO         | Ignore IPv6 address: 883c:e7c5:1102:0:1020:e7c5:1102:0
INFO         | Ignore IPv6 address: 883c:e7c5:1102:0:1020:e7c5:1102:0
INFO         | Ignore IPv6 address: 984a:e7c5:1102:0:1020:e7c5:1102:0
INFO         | Ignore IPv6 address: 984a:e7c5:1102:0:1020:e7c5:1102:0
INFO         | Ignore IPv6 address: 984a:e7c5:1102:0:1020:e7c5:1102:0
INFO         | Ignore IPv6 address: c050:e7c5:1102:0:1020:e7c5:1102:0
INFO         | Ignore IPv6 address: c050:e7c5:1102:0:1020:e7c5:1102:0
INFO         | Ignore IPv6 address: c050:e7c5:1102:0:1020:e7c5:1102:0
INFO         | Ignore IPv6 address: 9858:e7c5:1102:0:1020:e7c5:1102:0
INFO         | Ignore IPv6 address: 9858:e7c5:1102:0:1020:e7c5:1102:0
INFO         | Ignore IPv6 address: 9858:e7c5:1102:0:1020:e7c5:1102:0
INFO         | IPv4 server found: 192.168.5.1
INFO         | Ignore IPv6 address: 6036:e7c5:1102:0:1020:e7c5:1102:0
INFO         | Ignore IPv6 address: 6036:e7c5:1102:0:1020:e7c5:1102:0
INFO         | Ignore IPv6 address: 6036:e7c5:1102:0:1020:e7c5:1102:0
INFO         | Ignore IPv6 address: 883c:e7c5:1102:0:1020:e7c5:1102:0
INFO         | Ignore IPv6 address: 883c:e7c5:1102:0:1020:e7c5:1102:0
INFO         | Ignore IPv6 address: 883c:e7c5:1102:0:1020:e7c5:1102:0
INFO         | Ignore IPv6 address: 984a:e7c5:1102:0:1020:e7c5:1102:0
INFO         | Ignore IPv6 address: 984a:e7c5:1102:0:1020:e7c5:1102:0
INFO         | Ignore IPv6 address: 984a:e7c5:1102:0:1020:e7c5:1102:0
INFO         | Ignore IPv6 address: c050:e7c5:1102:0:1020:e7c5:1102:0
INFO         | Ignore IPv6 address: c050:e7c5:1102:0:1020:e7c5:1102:0
INFO         | Ignore IPv6 address: c050:e7c5:1102:0:1020:e7c5:1102:0
INFO         | Ignore IPv6 address: 9858:e7c5:1102:0:1020:e7c5:1102:0
INFO         | Ignore IPv6 address: 9858:e7c5:1102:0:1020:e7c5:1102:0
INFO         | Ignore IPv6 address: 9858:e7c5:1102:0:1020:e7c5:1102:0
INFO         | IPv4 server found: 192.168.5.1
INFO         | Ignore IPv6 address: 6036:e7c5:1102:0:1020:e7c5:1102:0
INFO         | Ignore IPv6 address: 6036:e7c5:1102:0:1020:e7c5:1102:0
INFO         | Ignore IPv6 address: 6036:e7c5:1102:0:1020:e7c5:1102:0
INFO         | Ignore IPv6 address: 883c:e7c5:1102:0:1020:e7c5:1102:0
INFO         | Ignore IPv6 address: 883c:e7c5:1102:0:1020:e7c5:1102:0
INFO         | Ignore IPv6 address: 883c:e7c5:1102:0:1020:e7c5:1102:0
INFO         | Ignore IPv6 address: 984a:e7c5:1102:0:1020:e7c5:1102:0
INFO         | Ignore IPv6 address: 984a:e7c5:1102:0:1020:e7c5:1102:0
INFO         | Ignore IPv6 address: 984a:e7c5:1102:0:1020:e7c5:1102:0
INFO         | Ignore IPv6 address: c050:e7c5:1102:0:1020:e7c5:1102:0
INFO         | Ignore IPv6 address: c050:e7c5:1102:0:1020:e7c5:1102:0
INFO         | Ignore IPv6 address: c050:e7c5:1102:0:1020:e7c5:1102:0
INFO         | Ignore IPv6 address: 9858:e7c5:1102:0:1020:e7c5:1102:0
INFO         | Ignore IPv6 address: 9858:e7c5:1102:0:1020:e7c5:1102:0
INFO         | Ignore IPv6 address: 9858:e7c5:1102:0:1020:e7c5:1102:0
INFO         | Wait for emulator (pid 74836) 20 seconds to shutdown gracefully before kill;you can set environment variable ANDROID_EMULATOR_WAIT_TIME_BEFORE_KILL(in seconds) to change the default value (20 seconds)

WARNING      | Not saving state: RAM not mapped as shared
WARNING      | Netsim Wifi ipv6:%5B::1%5D:52913 is gone due to Connection reset
INFO         | emuDirName: 'C:\Users\Function\AppData\Local\Android\Sdk\emulator'
INFO         | try dir C:\Users\Function\AppData\Local\Android\Sdk\emulator
INFO         | Trying emulator path 'C:\Users\Function\AppData\Local\Android\Sdk\emulator\qemu\windows-x86_64\qemu-system-x86_64.exe'
INFO         | Found target-specific 64-bit emulator binary: C:\Users\Function\AppData\Local\Android\Sdk\emulator\qemu\windows-x86_64\qemu-system-x86_64.exe
INFO         | Adding library search path: 'C:\Users\Function\AppData\Local\Android\Sdk\emulator\lib64'
INFO         | Adding library search path: 'C:\Users\Function\AppData\Local\Android\Sdk\emulator\lib64\gles_swiftshader'
INFO         | Adding library search path: 'C:\Users\Function\AppData\Local\Android\Sdk\emulator\lib64\vulkan'
INFO         | Quoted param: [C:\Users\Function\AppData\Local\Android\Sdk\emulator\qemu\windows-x86_64\qemu-system-x86_64.exe]
INFO         | Quoted param: [-avd]
INFO         | Quoted param: [NanoKVMPro]
INFO         | Quoted param: [-gpu]
INFO         | Quoted param: [host]
INFO         | Quoted param: [-no-snapshot]
INFO         | Quoted param: [-no-boot-anim]
INFO         | Quoted param: [-no-snapshot-save]
INFO         | Quoted param: [-verbose]
DEBUG   | emulator: Running :C:\Users\Function\AppData\Local\Android\Sdk\emulator\qemu\windows-x86_64\qemu-system-x86_64.exe
DEBUG   | qemu backend: argv[00] = "C:\Users\Function\AppData\Local\Android\Sdk\emulator\qemu\windows-x86_64\qemu-system-x86_64.exe"
DEBUG   | qemu backend: argv[01] = "-avd"
DEBUG   | qemu backend: argv[02] = "NanoKVMPro"
DEBUG   | qemu backend: argv[03] = "-gpu"
DEBUG   | qemu backend: argv[04] = "host"
DEBUG   | qemu backend: argv[05] = "-no-snapshot"
DEBUG   | qemu backend: argv[06] = "-no-boot-anim"
DEBUG   | qemu backend: argv[07] = "-no-snapshot-save"
DEBUG   | qemu backend: argv[08] = "-verbose"
DEBUG   | Concatenated backend parameters:  C:\Users\Function\AppData\Local\Android\Sdk\emulator\qemu\windows-x86_64\qemu-system-x86_64.exe -avd NanoKVMPro -gpu host -no-snapshot -no-boot-anim -no-snapshot-save -verbose
INFO         | Saving snapshot 'default_boot' using 3 ms
